file,class,type,wmc,lcom,loc,,,,,,,
E:\OOD\projectsnew\miaosha-master\miaosha-admin\miaosha-admin-service\src\main\java\com\geekq\admin\mapper\IpLogMapper.java,com.geekq.admin.mapper.IpLogMapper,interface,7,21,9,,,,,,,
E:\OOD\projectsnew\miaosha-master\miaosha-v2\miaosha-web\src\main\java\com\geekq\miaosha\interceptor\GlobalParamAdvice.java,com.geekq.miaosha.interceptor.GlobalParamAdvice,class,2,1,6,,,,,,,
E:\OOD\projectsnew\miaosha-master\miaosha-v2\miaosha-web\src\main\java\com\geekq\miaosha\controller\RegisterController.java,com.geekq.miaosha.controller.RegisterController,class,5,4,28,,,,,,,
E:\OOD\projectsnew\miaosha-master\miaosha-v2\miaosha-service\src\main\java\com\geekq\miaosha\service\impl\LoginInfoServiceImpl.java,com.geekq.miaosha.service.impl.LoginInfoServiceImpl,class,1,0,7,,,,,,,
E:\OOD\projectsnew\miaosha-master\miaosha-admin\miaosha-admin-api\src\main\java\com\geekq\admin\entity\Logininfo.java,com.geekq.admin.entity.Logininfo,class,0,0,11,,,,,wmc,lcom,loc
E:\OOD\projectsnew\miaosha-master\miaosha-v2\miaosha-common\src\main\java\com\geekq\miasha\enums\MessageStatus.java,com.geekq.miasha.enums.MessageStatus$messageType,enum,2,0,8,,,,Calculated Mean Value,5.62,13.28,28.468
E:\OOD\projectsnew\miaosha-master\miaosha-admin\miaosha-admin-api\src\main\java\com\geekq\admin\entity\SystemDictionaryItem.java,com.geekq.admin.entity.SystemDictionaryItem,class,1,0,18,,,,Standard Value,49,78.34,
E:\OOD\projectsnew\miaosha-master\miaosha-v2\miaosha-web\src\main\java\com\geekq\miaosha\interceptor\LoginInterceptor.java,com.geekq.miaosha.interceptor.LoginInterceptor,class,18,10,76,,,,,,,
E:\OOD\projectsnew\miaosha-master\miaosha-v1\src\main\java\com\geekq\miaosha\common\enums\MessageStatus.java,com.geekq.miaosha.common.enums.MessageStatus,class,0,0,25,,,,,,,
E:\OOD\projectsnew\miaosha-master\miaosha-v1\src\main\java\com\geekq\miaosha\utils\UUIDUtil.java,com.geekq.miaosha.utils.UUIDUtil,class,1,0,5,,,,,,,
E:\OOD\projectsnew\miaosha-master\miaosha-v2\miaosha-web\src\main\java\com\geekq\miaosha\config\DruidConfig.java,com.geekq.miaosha.config.DruidConfig,class,39,599,164,,,,,,,
E:\OOD\projectsnew\miaosha-master\miaosha-v2\miaosha-service\src\main\java\com\geekq\miaosha\rabbitmq\MQConfig.java,com.geekq.miaosha.rabbitmq.MQConfig,class,12,66,52,,,,,,,
E:\OOD\projectsnew\miaosha-master\miaosha-v2\miaosha-common\src\main\java\com\geekq\miasha\enums\resultbean\ResultGeekQ.java,com.geekq.miasha.enums.resultbean.ResultGeekQ,class,11,43,39,,,,,,,
E:\OOD\projectsnew\miaosha-master\miaosha-v2\miaosha-service\src\main\java\com\geekq\miaosha\redis\OrderKey.java,com.geekq.miaosha.redis.OrderKey,class,1,0,6,,,,,,,
E:\OOD\projectsnew\miaosha-master\miaosha-v2\miaosha-common\src\main\java\com\geekq\miasha\enums\resultbean\AbstractResult.java,com.geekq.miasha.enums.resultbean.AbstractResult,class,16,0,50,,,,,,,
E:\OOD\projectsnew\miaosha-master\miaosha-v2\miaosha-service\src\main\java\com\geekq\miaosha\redis\redismanager\lua\RedisLuaLock.java,com.geekq.miaosha.redis.redismanager.lua.RedisLuaLock,class,0,0,2,,,,,,,
E:\OOD\projectsnew\miaosha-master\miaosha-admin\miaosha-admin-common\src\main\java\com\geekq\common\enums\MessageStatus.java,com.geekq.common.enums.MessageStatus$ContentEnum,enum,3,0,13,,,,,,,
E:\OOD\projectsnew\miaosha-master\miaosha-v2\miaosha-service\src\main\java\com\geekq\miaosha\mapper\GoodsMapper.java,com.geekq.miaosha.mapper.GoodsMapper,interface,3,3,5,,,,,,,
E:\OOD\projectsnew\miaosha-master\miaosha-rpc\dubbo-provider\src\main\java\com\geekq\dubbo\springboot\privoder\transaction\TransactionServiceImpl.java,com.geekq.dubbo.springboot.privoder.transaction.TransactionServiceImpl,class,15,66,61,,,,,,,
E:\OOD\projectsnew\miaosha-master\miaosha-v2\miaosha-service\src\main\java\com\geekq\miaosha\rabbitmq\MQReceiver.java,com.geekq.miaosha.rabbitmq.MQReceiver,class,4,0,28,,,,,,,
E:\OOD\projectsnew\miaosha-master\miaosha-v1\src\main\java\com\geekq\miaosha\service\rpchander\enums\PlanStepType.java,com.geekq.miaosha.service.rpchander.enums.PlanStepType,enum,5,0,19,,,,,,,
E:\OOD\projectsnew\miaosha-master\miaosha-v2\miaosha-common\src\main\java\com\geekq\miasha\enums\MessageStatus.java,com.geekq.miasha.enums.MessageStatus,class,0,0,25,,,,,,,
E:\OOD\projectsnew\miaosha-master\miaosha-v2\miaosha-service\src\main\java\com\geekq\miaosha\redis\GoodsKey.java,com.geekq.miaosha.redis.GoodsKey,class,1,0,8,,,,,,,
E:\OOD\projectsnew\miaosha-master\miaosha-admin\miaosha-admin-service\src\main\java\com\geekq\admin\service\impl\RedisCacheStorageServiceImpl.java,com.geekq.admin.service.impl.RedisCacheStorageServiceImpl,class,15,1,60,,,,,,,
E:\OOD\projectsnew\miaosha-master\miaosha-v1\src\main\java\com\geekq\miaosha\redis\redismanager\OptimisticLockTest.java,com.geekq.miaosha.redis.redismanager.OptimisticLockTest,class,11,6,54,,,,,,,
E:\OOD\projectsnew\miaosha-master\miaosha-v2\miaosha-service\src\main\java\com\geekq\miaosha\redis\redismanager\RedisLock.java,com.geekq.miaosha.redis.redismanager.RedisLock,class,10,1,44,,,,,,,
E:\OOD\projectsnew\miaosha-master\miaosha-admin\miaosha-admin-api\src\main\java\com\geekq\admin\query\SystemDictionaryQueryObject.java,com.geekq.admin.query.SystemDictionaryQueryObject,class,2,0,7,,,,,,,
E:\OOD\projectsnew\miaosha-master\miaosha-admin\miaosha-admin-common\src\main\java\com\geekq\common\utils\resultbean\ResultGeekQ.java,com.geekq.common.utils.resultbean.ResultGeekQ,class,11,43,38,,,,,,,
E:\OOD\projectsnew\miaosha-master\miaosha-v2\miaosha-common\src\main\java\com\geekq\miasha\enums\SexEnum.java,com.geekq.miasha.enums.SexEnum,enum,2,0,8,,,,,,,
E:\OOD\projectsnew\miaosha-master\miaosha-admin\miaosha-admin-api\src\main\java\com\geekq\admin\service\OrdersService.java,com.geekq.admin.service.OrdersService,interface,2,1,4,,,,,,,
E:\OOD\projectsnew\miaosha-master\miaosha-rpc\dubbo-provider\src\main\java\com\geekq\dubbo\springboot\privoder\transaction\CapServiceImpl.java,com.geekq.dubbo.springboot.privoder.transaction.CapServiceImpl,class,2,1,8,,,,,,,
E:\OOD\projectsnew\miaosha-master\miaosha-v2\miaosha-common\src\main\java\com\geekq\miasha\entity\MiaoShaMessageUser.java,com.geekq.miasha.entity.MiaoShaMessageUser,class,0,0,7,,,,,,,
E:\OOD\projectsnew\miaosha-master\miaosha-v2\miaosha-service\src\main\java\com\geekq\miaosha\redis\redismanager\RedisLimitRateWithLUA.java,com.geekq.miaosha.redis.redismanager.RedisLimitRateWithLUA,class,2,0,16,,,,,,,
E:\OOD\projectsnew\miaosha-master\miaosha-v2\miaosha-service\src\main\java\com\geekq\miaosha\redis\RedisService.java,com.geekq.miaosha.redis.RedisService,class,49,0,248,,,,,,,
E:\OOD\projectsnew\miaosha-master\miaosha-admin\miaosha-admin-api\src\main\java\com\geekq\admin\entity\Account.java,com.geekq.admin.entity.Account,class,6,0,35,,,,,,,
E:\OOD\projectsnew\miaosha-master\miaosha-v2\miaosha-service\src\main\java\com\geekq\miaosha\mapper\MiaoShaUserMapper.java,com.geekq.miaosha.mapper.MiaoShaUserMapper,interface,5,10,7,,,,,,,
E:\OOD\projectsnew\miaosha-master\miaosha-v2\miaosha-service\src\main\java\com\geekq\miaosha\service\MiaoShaUserService.java,com.geekq.miaosha.service.MiaoShaUserService,class,22,6,117,,,,,,,
E:\OOD\projectsnew\miaosha-master\miaosha-admin\miaosha-admin-common\src\main\java\com\geekq\common\utils\DBContextUtil.java,com.geekq.common.utils.DBContextUtil,class,2,0,11,,,,,,,
E:\OOD\projectsnew\miaosha-master\miaosha-rpc\dubbo-consumer\src\main\java\com\geekq\dubbo\springboot\consumer\transaction\TransactionConsumer.java,com.geekq.dubbo.springboot.consumer.transaction.TransactionConsumer,class,3,3,14,,,,,,,
E:\OOD\projectsnew\miaosha-master\miaosha-v1\src\main\java\com\geekq\miaosha\domain\User.java,com.geekq.miaosha.domain.User,class,0,0,4,,,,,,,
E:\OOD\projectsnew\miaosha-master\miaosha-v1\src\main\java\com\geekq\miaosha\utils\DBUtil.java,com.geekq.miaosha.utils.DBUtil,class,3,0,22,,,,,,,
E:\OOD\projectsnew\miaosha-master\miaosha-admin\miaosha-admin-api\src\main\java\com\geekq\admin\entity\BaseDomain.java,com.geekq.admin.entity.BaseDomain,class,0,0,3,,,,,,,
E:\OOD\projectsnew\miaosha-master\miaosha-v1\src\main\java\com\geekq\miaosha\vo\MiaoShaMessageVo.java,com.geekq.miaosha.vo.MiaoShaMessageVo,class,0,0,17,,,,,,,
E:\OOD\projectsnew\miaosha-master\miaosha-v2\miaosha-common\src\main\java\com\geekq\miasha\entity\Logininfo.java,com.geekq.miasha.entity.Logininfo,class,0,0,11,,,,,,,
E:\OOD\projectsnew\miaosha-master\miaosha-v2\miaosha-service\src\main\java\com\geekq\miaosha\redis\Userkey.java,com.geekq.miaosha.redis.Userkey,class,1,0,7,,,,,,,
E:\OOD\projectsnew\miaosha-master\miaosha-admin\miaosha-admin-api\src\main\java\com\geekq\admin\query\IpLogQueryObject.java,com.geekq.admin.query.IpLogQueryObject,class,4,1,20,,,,,,,
E:\OOD\projectsnew\miaosha-master\miaosha-v1\src\main\java\com\geekq\miaosha\common\resultbean\AbstractResult.java,com.geekq.miaosha.common.resultbean.AbstractResult,class,15,0,48,,,,,,,
E:\OOD\projectsnew\miaosha-master\miaosha-admin\miaosha-admin-common\src\main\java\com\geekq\common\utils\numcal\DecimalFormatUtil.java,com.geekq.common.utils.numcal.DecimalFormatUtil,class,6,10,20,,,,,,,
E:\OOD\projectsnew\miaosha-master\miaosha-admin\miaosha-admin-web\src\main\java\com\geekq\web\interceptor\AddGlobalUtilInterceptor.java,com.geekq.web.interceptor.AddGlobalUtilInterceptor,class,2,0,9,,,,,,,
E:\OOD\projectsnew\miaosha-master\miaosha-v1\src\main\java\com\geekq\miaosha\dao\MiaoShaMessageDao.java,com.geekq.miaosha.dao.MiaoShaMessageDao,interface,5,10,7,,,,,,,
E:\OOD\projectsnew\miaosha-master\miaosha-order\miaosha-order-provider\src\main\java\com\geekq\provider\service\impl\GoodsGroupServiceImpl.java,com.geekq.provider.service.impl.GoodsGroupServiceImpl,class,3,3,14,,,,,,,
E:\OOD\projectsnew\miaosha-master\miaosha-v2\miaosha-common\src\main\java\com\geekq\miasha\utils\UserContext2.java,com.geekq.miasha.utils.UserContext2,class,3,1,12,,,,,,,
E:\OOD\projectsnew\miaosha-master\miaosha-v2\miaosha-service\src\main\java\com\geekq\miaosha\mapper\OrderMapper.java,com.geekq.miaosha.mapper.OrderMapper,interface,6,15,8,,,,,,,
E:\OOD\projectsnew\miaosha-master\miaosha-admin\miaosha-admin-web\src\main\java\com\geekq\web\service\CulsterService.java,com.geekq.web.service.CulsterService,interface,2,1,4,,,,,,,
E:\OOD\projectsnew\miaosha-master\miaosha-v2\miaosha-common\src\main\java\com\geekq\miasha\vo\MiaoShaMessageVo.java,com.geekq.miasha.vo.MiaoShaMessageVo,class,0,0,17,,,,,,,
E:\OOD\projectsnew\miaosha-master\miaosha-v1\src\main\java\com\geekq\miaosha\access\AccessInterceptor.java,com.geekq.miaosha.access.AccessInterceptor,class,18,10,76,,,,,,,
E:\OOD\projectsnew\miaosha-master\miaosha-v2\miaosha-common\src\main\java\com\geekq\miasha\entity\Goods.java,com.geekq.miasha.entity.Goods,class,0,0,9,,,,,,,
E:\OOD\projectsnew\miaosha-master\miaosha-admin\miaosha-admin-api\src\main\java\com\geekq\admin\pojo\Orders.java,com.geekq.admin.pojo.Orders,class,9,9,23,,,,,,,
E:\OOD\projectsnew\miaosha-master\miaosha-v2\miaosha-common\src\main\java\com\geekq\miasha\enums\enums\MessageStatus.java,com.geekq.miasha.enums.enums.MessageStatus$messageType,enum,2,0,8,,,,,,,
E:\OOD\projectsnew\miaosha-master\miaosha-v1\src\main\java\com\geekq\miaosha\mybatis\vo\TeacherVo.java,com.geekq.miaosha.mybatis.vo.TeacherVo,class,0,0,8,,,,,,,
E:\OOD\projectsnew\miaosha-master\miaosha-v2\miaosha-service\src\main\java\com\geekq\miaosha\mapper\LogininfoMapper.java,com.geekq.miaosha.mapper.LogininfoMapper,interface,9,36,11,,,,,,,
E:\OOD\projectsnew\miaosha-master\miaosha-v1\src\main\java\com\geekq\miaosha\domain\OrderInfo.java,com.geekq.miaosha.domain.OrderInfo,class,0,0,13,,,,,,,
E:\OOD\projectsnew\miaosha-master\miaosha-admin\miaosha-admin-api\src\main\java\com\geekq\admin\pojo\OrdersExample.java,com.geekq.admin.pojo.OrdersExample$Criteria,innerclass,1,0,5,,,,,,,
E:\OOD\projectsnew\miaosha-master\miaosha-v1\src\main\java\com\geekq\miaosha\access\AccessKey.java,com.geekq.miaosha.access.AccessKey,class,2,1,8,,,,,,,
E:\OOD\projectsnew\miaosha-master\miaosha-v1\src\main\java\com\geekq\miaosha\dao\UserDao.java,com.geekq.miaosha.dao.UserDao,interface,2,1,4,,,,,,,
E:\OOD\projectsnew\miaosha-master\miaosha-admin\miaosha-admin-common\src\main\java\com\geekq\common\utils\md5\MD5Utils.java,com.geekq.common.utils.md5.MD5Utils,class,5,8,25,,,,,,,
E:\OOD\projectsnew\miaosha-master\miaosha-v1\src\main\java\com\geekq\miaosha\common\enums\ResultStatus.java,com.geekq.miaosha.common.enums.ResultStatus,enum,9,18,36,,,,,,,
E:\OOD\projectsnew\miaosha-master\miaosha-v2\miaosha-service\src\main\java\com\geekq\miaosha\service\MiaoShaMessageService.java,com.geekq.miaosha.service.MiaoShaMessageService,class,0,0,2,,,,,,,
E:\OOD\projectsnew\miaosha-master\miaosha-order\miaosha-order-provider\src\main\java\com\geekq\provider\mapper\GoodsMapper.java,com.geekq.provider.mapper.GoodsMapper,interface,3,3,5,,,,,,,
E:\OOD\projectsnew\miaosha-master\miaosha-v2\miaosha-service\src\main\java\com\geekq\miaosha\redis\BasePrefix.java,com.geekq.miaosha.redis.BasePrefix,class,4,0,18,,,,,,,
E:\OOD\projectsnew\miaosha-master\miaosha-v2\miaosha-web\src\main\java\com\geekq\miaosha\controller\LoginController.java,com.geekq.miaosha.controller.LoginController,class,4,0,26,,,,,,,
E:\OOD\projectsnew\miaosha-master\miaosha-v2\miaosha-common\src\main\java\com\geekq\miasha\enums\MessageStatus.java,com.geekq.miasha.enums.MessageStatus$sendType,enum,0,0,1,,,,,,,
E:\OOD\projectsnew\miaosha-master\miaosha-admin\miaosha-admin-service\src\main\java\com\geekq\admin\service\impl\OrdersServiceImpl.java,com.geekq.admin.service.impl.OrdersServiceImpl,class,2,1,12,,,,,,,
E:\OOD\projectsnew\miaosha-master\miaosha-admin\miaosha-admin-common\src\main\java\com\geekq\common\utils\Constanst.java,com.geekq.common.utils.Constanst$orderStaus,enum,3,0,11,,,,,,,
E:\OOD\projectsnew\miaosha-master\miaosha-v2\miaosha-web\src\main\java\com\geekq\miaosha\config\UserArgumentResolver.java,com.geekq.miaosha.config.UserArgumentResolver,class,3,1,10,,,,,,,
E:\OOD\projectsnew\miaosha-master\miaosha-v1\src\main\java\com\geekq\miaosha\utils\DateTimeUtils.java,com.geekq.miaosha.utils.DateTimeUtils,class,6,4,27,,,,,,,
E:\OOD\projectsnew\miaosha-master\miaosha-admin\miaosha-admin-web\src\main\java\com\geekq\web\service\impl\CulsterServiceImpl.java,com.geekq.web.service.impl.CulsterServiceImpl,class,2,0,12,,,,,,,
E:\OOD\projectsnew\miaosha-master\miaosha-v2\miaosha-common\src\main\java\com\geekq\miasha\vo\GoodsVo.java,com.geekq.miasha.vo.GoodsVo,class,0,0,6,,,,,,,
E:\OOD\projectsnew\miaosha-master\miaosha-admin\miaosha-admin-common\src\main\java\com\geekq\common\utils\resultbean\AbstractResult.java,com.geekq.common.utils.resultbean.AbstractResult,class,16,0,51,,,,,,,
E:\OOD\projectsnew\miaosha-master\miaosha-v2\miaosha-common\src\main\java\com\geekq\miasha\vo\GoodsDetailVo.java,com.geekq.miasha.vo.GoodsDetailVo,class,0,0,6,,,,,,,
E:\OOD\projectsnew\miaosha-master\miaosha-v2\miaosha-common\src\main\java\com\geekq\miasha\enums\enums\MessageStatus.java,com.geekq.miasha.enums.enums.MessageStatus$sendType,enum,0,0,1,,,,,,,
E:\OOD\projectsnew\miaosha-master\miaosha-admin\miaosha-admin-api\src\main\java\com\geekq\admin\entity\IpLog.java,com.geekq.admin.entity.IpLog,class,4,1,25,,,,,,,
E:\OOD\projectsnew\miaosha-master\miaosha-v1\src\main\java\com\geekq\miaosha\domain\MiaoshaUser.java,com.geekq.miaosha.domain.MiaoshaUser,class,1,0,13,,,,,,,
E:\OOD\projectsnew\miaosha-master\miaosha-admin\miaosha-admin-service\src\main\java\com\geekq\admin\mapper\LogininfoMapper.java,com.geekq.admin.mapper.LogininfoMapper,interface,9,36,11,,,,,,,
E:\OOD\projectsnew\miaosha-master\miaosha-admin\miaosha-admin-api\src\main\java\com\geekq\admin\query\PageResult.java,com.geekq.admin.query.PageResult,class,12,20,45,,,,,,,
E:\OOD\projectsnew\miaosha-master\miaosha-order\miaosha-order-api\src\main\java\com\geekq\api\entity\MiaoshaGoods.java,com.geekq.api.entity.MiaoshaGoods,class,0,0,7,,,,,,,
E:\OOD\projectsnew\miaosha-master\miaosha-v1\src\main\java\com\geekq\miaosha\domain\MiaoShaMessageUser.java,com.geekq.miaosha.domain.MiaoShaMessageUser,class,0,0,7,,,,,,,
E:\OOD\projectsnew\miaosha-master\miaosha-v1\src\main\java\com\geekq\miaosha\vo\GoodsDetailVo.java,com.geekq.miaosha.vo.GoodsDetailVo,class,0,0,6,,,,,,,
E:\OOD\projectsnew\miaosha-master\miaosha-v1\src\main\java\com\geekq\miaosha\mybatis\vo\TeacherListVo.java,com.geekq.miaosha.mybatis.vo.TeacherListVo,class,1,0,9,,,,,,,
E:\OOD\projectsnew\miaosha-master\miaosha-v1\src\main\java\com\geekq\miaosha\common\enums\MessageStatus.java,com.geekq.miaosha.common.enums.MessageStatus$sendType,enum,0,0,1,,,,,,,
E:\OOD\projectsnew\miaosha-master\miaosha-v1\src\main\java\com\geekq\miaosha\vo\GoodsVo.java,com.geekq.miaosha.vo.GoodsVo,class,0,0,6,,,,,,,
E:\OOD\projectsnew\miaosha-master\miaosha-v1\src\main\java\com\geekq\miaosha\domain\Goods.java,com.geekq.miaosha.domain.Goods,class,0,0,9,,,,,,,
E:\OOD\projectsnew\miaosha-master\miaosha-v2\miaosha-common\src\main\java\com\geekq\miasha\exception\GlobleException.java,com.geekq.miasha.exception.GlobleException,class,3,0,13,,,,,,,
E:\OOD\projectsnew\miaosha-master\miaosha-admin\miaosha-admin-common\src\main\java\com\geekq\common\enums\YesOrNo.java,com.geekq.common.enums.YesOrNo,enum,2,0,8,,,,,,,
E:\OOD\projectsnew\miaosha-master\miaosha-admin\miaosha-admin-web\src\main\java\com\geekq\web\controller\LoginController.java,com.geekq.web.controller.LoginController,class,2,0,14,,,,,,,
E:\OOD\projectsnew\miaosha-master\miaosha-v1\src\main\java\com\geekq\miaosha\redis\redismanager\OptimisticLockTest.java,com.geekq.miaosha.redis.redismanager.ClientThread,class,8,0,48,,,,,,,
E:\OOD\projectsnew\miaosha-master\miaosha-admin\miaosha-admin-service\src\main\java\com\geekq\admin\service\impl\AccountServiceImpl.java,com.geekq.admin.service.impl.AccountServiceImpl,class,5,0,19,,,,,,,
E:\OOD\projectsnew\miaosha-master\miaosha-v2\miaosha-web\src\main\java\com\geekq\miaosha\GeekQMainApplication.java,com.geekq.miaosha.GeekQMainApplication,class,1,0,5,,,,,,,
E:\OOD\projectsnew\miaosha-master\miaosha-admin\miaosha-admin-web\src\main\java\com\geekq\web\controller\RegisterController.java,com.geekq.web.controller.RegisterController,class,4,0,27,,,,,,,
E:\OOD\projectsnew\miaosha-master\miaosha-v2\miaosha-common\src\main\java\com\geekq\miasha\enums\Constanst.java,com.geekq.miasha.enums.Constanst$orderStaus,enum,3,0,11,,,,,,,
E:\OOD\projectsnew\miaosha-master\miaosha-rpc\dubbo-provider\src\main\java\com\geekq\dubbo\springboot\privoder\quickstart\QuickstartServiceImpl.java,com.geekq.dubbo.springboot.privoder.quickstart.QuickstartServiceImpl,class,4,6,14,,,,,,,
E:\OOD\projectsnew\miaosha-master\miaosha-rpc\dubbo-consumer\src\main\java\com\geekq\dubbo\springboot\consumer\config\TCCConfig.java,com.geekq.dubbo.springboot.consumer.config.TCCConfig,class,0,0,2,,,,,,,
E:\OOD\projectsnew\miaosha-master\miaosha-admin\miaosha-admin-common\src\main\java\com\geekq\common\utils\Constanst.java,com.geekq.common.utils.Constanst,class,0,0,15,,,,,,,
E:\OOD\projectsnew\miaosha-master\miaosha-v2\miaosha-common\src\main\java\com\geekq\miasha\entity\OrderInfo.java,com.geekq.miasha.entity.OrderInfo,class,0,0,13,,,,,,,
E:\OOD\projectsnew\miaosha-master\miaosha-v2\miaosha-service\src\main\java\com\geekq\miaosha\redis\redismanager\RedisManager.java,com.geekq.miaosha.redis.redismanager.RedisManager,class,3,0,15,,,,,,,
E:\OOD\projectsnew\miaosha-master\miaosha-v2\miaosha-service\src\main\java\com\geekq\miaosha\redis\RedissLockUtil.java,com.geekq.miaosha.redis.RedissLockUtil,class,5,0,18,,,,,,,
E:\OOD\projectsnew\miaosha-master\miaosha-v1\src\main\java\com\geekq\miaosha\common\enums\MessageStatus.java,com.geekq.miaosha.common.enums.MessageStatus$messageType,enum,2,0,8,,,,,,,
E:\OOD\projectsnew\miaosha-master\miaosha-admin\miaosha-admin-common\src\main\java\com\geekq\common\utils\numcal\BidConst.java,com.geekq.common.utils.numcal.BidConst,class,0,0,48,,,,,,,
E:\OOD\projectsnew\miaosha-master\miaosha-v2\miaosha-web\src\main\java\com\geekq\miaosha\controller\MiaoShaMessageController.java,com.geekq.miaosha.controller.MiaoShaMessageController,class,3,1,14,,,,,,,
E:\OOD\projectsnew\miaosha-master\miaosha-v2\miaosha-service\src\main\java\com\geekq\miaosha\rabbitmq\MiaoshaMessage.java,com.geekq.miaosha.rabbitmq.MiaoshaMessage,class,4,2,16,,,,,,,
E:\OOD\projectsnew\miaosha-master\miaosha-v1\src\main\java\com\geekq\miaosha\service\rpchander\vo\PlanOrder.java,com.geekq.miaosha.service.rpchander.vo.PlanOrder,class,24,252,86,,,,,,,
E:\OOD\projectsnew\miaosha-master\miaosha-v1\src\main\java\com\geekq\miaosha\service\UserService.java,com.geekq.miaosha.service.UserService,class,1,0,6,,,,,,,
E:\OOD\projectsnew\miaosha-master\miaosha-v1\src\main\java\com\geekq\miaosha\utils\ValidatorUtil.java,com.geekq.miaosha.utils.ValidatorUtil,class,2,0,10,,,,,,,
E:\OOD\projectsnew\miaosha-master\miaosha-v1\src\main\java\com\geekq\miaosha\timeTask\OrderCloseTask.java,com.geekq.miaosha.timeTask.OrderCloseTask,class,10,0,43,,,,,,,
E:\OOD\projectsnew\miaosha-master\miaosha-v2\miaosha-common\src\main\java\com\geekq\miasha\enums\MessageStatus.java,com.geekq.miasha.enums.MessageStatus$ContentEnum,enum,3,0,13,,,,,,,
E:\OOD\projectsnew\miaosha-master\miaosha-v1\src\main\java\com\geekq\miaosha\utils\MD5Util.java,com.geekq.miaosha.utils.MD5Util,class,5,8,23,,,,,,,
E:\OOD\projectsnew\miaosha-master\miaosha-admin\miaosha-admin-api\src\main\java\com\geekq\admin\query\QueryObject.java,com.geekq.admin.query.QueryObject,class,1,0,7,,,,,,,
E:\OOD\projectsnew\miaosha-master\miaosha-admin\miaosha-admin-service\src\main\java\com\geekq\admin\service\impl\RedisCache.java,com.geekq.admin.service.impl.RedisCache,class,9,0,37,,,,,,,
E:\OOD\projectsnew\miaosha-master\miaosha-v1\src\main\java\com\geekq\miaosha\dao\OrderDao.java,com.geekq.miaosha.dao.OrderDao,interface,6,15,8,,,,,,,
E:\OOD\projectsnew\miaosha-master\miaosha-rpc\dubbo-consumer\src\main\java\com\geekq\dubbo\springboot\consumer\quickstart\QuickstartConsumer.java,com.geekq.dubbo.springboot.consumer.quickstart.QuickstartConsumer,class,1,0,6,,,,,,,
E:\OOD\projectsnew\miaosha-master\miaosha-v1\src\main\java\com\geekq\miaosha\dao\GoodsDao.java,com.geekq.miaosha.dao.GoodsDao,interface,3,3,5,,,,,,,
E:\OOD\projectsnew\miaosha-master\miaosha-v1\src\main\java\com\geekq\miaosha\exception\GlobleException.java,com.geekq.miaosha.exception.GlobleException,class,3,0,13,,,,,,,
E:\OOD\projectsnew\miaosha-master\miaosha-admin\miaosha-admin-service\src\main\java\com\geekq\admin\mapper\OrdersMapper.java,com.geekq.admin.mapper.OrdersMapper,interface,11,55,13,,,,,,,
E:\OOD\projectsnew\miaosha-master\miaosha-admin\miaosha-admin-service\src\main\java\com\geekq\admin\mapper\SystemDictionaryMapper.java,com.geekq.admin.mapper.SystemDictionaryMapper,interface,7,21,9,,,,,,,
E:\OOD\projectsnew\miaosha-master\miaosha-v2\miaosha-service\src\main\java\com\geekq\miaosha\mapper\IpLogMapper.java,com.geekq.miaosha.mapper.IpLogMapper,interface,5,10,7,,,,,,,
E:\OOD\projectsnew\miaosha-master\miaosha-admin\miaosha-admin-web\src\main\java\com\geekq\web\interceptor\LoginInterceptor.java,com.geekq.web.interceptor.LoginInterceptor,class,4,0,19,,,,,,,
E:\OOD\projectsnew\miaosha-master\miaosha-v2\miaosha-web\src\main\java\com\geekq\miaosha\controller\OrderController.java,com.geekq.miaosha.controller.OrderController,class,3,0,25,,,,,,,
E:\OOD\projectsnew\miaosha-master\miaosha-v2\miaosha-common\src\main\java\com\geekq\miasha\entity\MiaoShaMessageInfo.java,com.geekq.miasha.entity.MiaoShaMessageInfo,class,0,0,14,,,,,,,
E:\OOD\projectsnew\miaosha-master\miaosha-admin\miaosha-admin-api\src\main\java\com\geekq\admin\entity\Userinfo.java,com.geekq.admin.entity.Userinfo,class,30,33,113,,,,,,,
E:\OOD\projectsnew\miaosha-master\miaosha-v2\miaosha-common\src\main\java\com\geekq\miasha\vo\OrderDetailVo.java,com.geekq.miasha.vo.OrderDetailVo,class,4,2,16,,,,,,,
E:\OOD\projectsnew\miaosha-master\miaosha-v2\miaosha-service\src\main\java\com\geekq\miaosha\service\OrderService.java,com.geekq.miaosha.service.OrderService,class,5,0,37,,,,,,,
E:\OOD\projectsnew\miaosha-master\miaosha-admin\miaosha-admin-api\src\main\java\com\geekq\admin\pojo\OrdersExample.java,com.geekq.admin.pojo.OrdersExample,class,12,13,320,,,,,,,
E:\OOD\projectsnew\miaosha-master\miaosha-admin\miaosha-admin-web\src\main\java\com\geekq\web\controller\PayController.java,com.geekq.web.controller.PayController,class,1,0,6,,,,,,,
E:\OOD\projectsnew\miaosha-master\miaosha-order\miaosha-order-api\src\main\java\com\geekq\api\entity\Goods.java,com.geekq.api.entity.Goods,class,0,0,9,,,,,,,
E:\OOD\projectsnew\miaosha-master\miaosha-v2\miaosha-web\src\main\java\com\geekq\miaosha\interceptor\AccessKey.java,com.geekq.miaosha.interceptor.AccessKey,class,2,1,8,,,,,,,
E:\OOD\projectsnew\miaosha-master\miaosha-v2\miaosha-common\src\main\java\com\geekq\miasha\entity\MiaoshaGoods.java,com.geekq.miasha.entity.MiaoshaGoods,class,0,0,7,,,,,,,
E:\OOD\projectsnew\miaosha-master\miaosha-v1\src\main\java\com\geekq\miaosha\service\rpchander\RpcCompensateService.java,com.geekq.miaosha.service.rpchander.RpcCompensateService,class,1,0,7,,,,,,,
E:\OOD\projectsnew\miaosha-master\miaosha-v1\src\main\java\com\geekq\miaosha\service\rpchander\RpcHandler.java,com.geekq.miaosha.service.rpchander.RpcHandler,interface,2,1,5,,,,,,,
E:\OOD\projectsnew\miaosha-master\miaosha-admin\miaosha-admin-api\src\main\java\com\geekq\admin\service\IUserService.java,com.geekq.admin.service.IUserService,interface,4,6,6,,,,,,,
E:\OOD\projectsnew\miaosha-master\miaosha-admin\miaosha-admin-common\src\main\java\com\geekq\common\enums\ResultStatus.java,com.geekq.common.enums.ResultStatus,enum,9,18,36,,,,,,,
E:\OOD\projectsnew\miaosha-master\miaosha-v1\src\main\java\com\geekq\miaosha\exception\GlobleExceptionHandler.java,com.geekq.miaosha.exception.GlobleExceptionHandler,class,3,0,21,,,,,,,
E:\OOD\projectsnew\miaosha-master\miaosha-v1\src\main\java\com\geekq\miaosha\domain\MiaoshaOrder.java,com.geekq.miaosha.domain.MiaoshaOrder,class,0,0,6,,,,,,,
E:\OOD\projectsnew\miaosha-master\miaosha-v1\src\main\java\com\geekq\miaosha\service\rpchander\vo\PlanStep.java,com.geekq.miaosha.service.rpchander.vo.PlanStep,class,23,170,72,,,,,,,
E:\OOD\projectsnew\miaosha-master\miaosha-v1\src\main\java\com\geekq\miaosha\common\SnowflakeIdWorker.java,com.geekq.miaosha.common.SnowflakeIdWorker,class,13,2,57,,,,,,,
E:\OOD\projectsnew\miaosha-master\miaosha-v2\miaosha-common\src\main\java\com\geekq\miasha\entity\MiaoshaUser.java,com.geekq.miasha.entity.MiaoshaUser,class,1,0,13,,,,,,,
E:\OOD\projectsnew\miaosha-master\miaosha-v1\src\main\java\com\geekq\miaosha\dao\MiaoShaUserDao.java,com.geekq.miaosha.dao.MiaoShaUserDao,interface,4,6,6,,,,,,,
E:\OOD\projectsnew\miaosha-master\miaosha-admin\miaosha-admin-common\src\main\java\com\geekq\common\utils\resultbean\ResultJSON.java,com.geekq.common.utils.resultbean.ResultJSON,class,3,1,16,,,,,,,
E:\OOD\projectsnew\miaosha-master\miaosha-order\miaosha-order-provider\src\test\java\com\geekq\provider\DubboProviderApplicationTests.java,com.geekq.provider.DubboProviderApplicationTests,class,1,0,4,,,,,,,
E:\OOD\projectsnew\miaosha-master\miaosha-v2\miaosha-web\src\main\java\com\geekq\miaosha\interceptor\GlobalExceptionHandler.java,com.geekq.miaosha.interceptor.GlobalExceptionHandler,class,3,0,21,,,,,,,
E:\OOD\projectsnew\miaosha-master\miaosha-v1\src\main\java\com\geekq\miaosha\service\rpchander\enums\PlanStepStatus.java,com.geekq.miaosha.service.rpchander.enums.PlanStepStatus,enum,0,0,1,,,,,,,
E:\OOD\projectsnew\miaosha-master\miaosha-order\miaosha-order-api\src\main\java\com\geekq\api\service\GoodsService.java,com.geekq.api.service.GoodsService,interface,3,3,5,,,,,,,
E:\OOD\projectsnew\miaosha-master\miaosha-admin\miaosha-admin-common\src\main\java\com\geekq\common\utils\JsonUtils.java,com.geekq.common.utils.JsonUtils,class,6,0,34,,,,,,,
E:\OOD\projectsnew\miaosha-master\miaosha-admin\miaosha-admin-service\src\main\java\com\geekq\admin\mapper\UserinfoMapper.java,com.geekq.admin.mapper.UserinfoMapper,interface,5,10,7,,,,,,,
E:\OOD\projectsnew\miaosha-master\miaosha-v2\miaosha-web\src\main\java\com\geekq\miaosha\controller\MiaoshaController.java,com.geekq.miaosha.controller.MiaoshaController,class,21,0,126,,,,,,,
E:\OOD\projectsnew\miaosha-master\miaosha-order\miaosha-order-api\src\main\java\com\geekq\api\entity\GoodsVoOrder.java,com.geekq.api.entity.GoodsVoOrder,class,0,0,13,,,,,,,
E:\OOD\projectsnew\miaosha-master\miaosha-rpc\src\main\java\com\mooc\jiangzh\dubbo\springboot\springbootdubbo\SpringbootDubboApplication.java,com.mooc.jiangzh.dubbo.springboot.springbootdubbo.SpringbootDubboApplication,class,1,0,5,,,,,,,
E:\OOD\projectsnew\miaosha-master\miaosha-v2\miaosha-common\src\main\java\com\geekq\miasha\entity\IpLog.java,com.geekq.miasha.entity.IpLog,class,4,1,25,,,,,,,
E:\OOD\projectsnew\miaosha-master\miaosha-v2\miaosha-common\src\main\java\com\geekq\miasha\enums\enums\MessageStatus.java,com.geekq.miasha.enums.enums.MessageStatus$ContentEnum,enum,3,0,13,,,,,,,
E:\OOD\projectsnew\miaosha-master\miaosha-admin\miaosha-admin-web\src\main\java\com\geekq\web\controller\BaseController.java,com.geekq.web.controller.BaseController,class,0,0,2,,,,,,,
E:\OOD\projectsnew\miaosha-master\miaosha-v2\miaosha-common\src\main\java\com\geekq\miasha\vo\LoginVo.java,com.geekq.miasha.vo.LoginVo,class,5,0,19,,,,,,,
E:\OOD\projectsnew\miaosha-master\miaosha-v2\miaosha-service\src\main\java\com\geekq\miaosha\service\LoginInfoService.java,com.geekq.miaosha.service.LoginInfoService,interface,1,0,3,,,,,,,
E:\OOD\projectsnew\miaosha-master\miaosha-admin\miaosha-admin-api\src\main\java\com\geekq\admin\service\ISystemDictionaryService.java,com.geekq.admin.service.ISystemDictionaryService,interface,6,15,8,,,,,,,
E:\OOD\projectsnew\miaosha-master\miaosha-admin\miaosha-admin-api\src\main\java\com\geekq\admin\service\IIpLogService.java,com.geekq.admin.service.IIpLogService,interface,2,1,4,,,,,,,
E:\OOD\projectsnew\miaosha-master\miaosha-v1\src\main\java\com\geekq\miaosha\common\resultbean\ResultGeekQ.java,com.geekq.miaosha.common.resultbean.ResultGeekQ,class,10,33,37,,,,,,,
E:\OOD\projectsnew\miaosha-master\miaosha-admin\miaosha-admin-service\src\main\java\com\geekq\admin\utils\UserContext.java,com.geekq.admin.utils.UserContext,class,5,8,24,,,,,,,
E:\OOD\projectsnew\miaosha-master\miaosha-v2\miaosha-common\src\main\java\com\geekq\miasha\enums\enums\MessageStatus.java,com.geekq.miasha.enums.enums.MessageStatus,class,0,0,25,,,,,,,
E:\OOD\projectsnew\miaosha-master\miaosha-v2\miaosha-common\src\main\java\com\geekq\miasha\enums\YesOrNo.java,com.geekq.miasha.enums.YesOrNo,enum,2,0,8,,,,,,,
E:\OOD\projectsnew\miaosha-master\miaosha-admin\miaosha-admin-common\src\main\java\com\geekq\common\vo\LoginVo.java,com.geekq.common.vo.LoginVo,class,1,0,7,,,,,,,
E:\OOD\projectsnew\miaosha-master\miaosha-rpc\dubbo-provider\src\main\java\com\geekq\dubbo\springboot\privoder\config\TCCConfig.java,com.geekq.dubbo.springboot.privoder.config.TCCConfig,class,0,0,2,,,,,,,
E:\OOD\projectsnew\miaosha-master\miaosha-v2\miaosha-web\src\main\java\com\geekq\miaosha\controller\GoodsController.java,com.geekq.miaosha.controller.GoodsController,class,12,0,89,,,,,,,
E:\OOD\projectsnew\miaosha-master\miaosha-order\miaosha-order-api\src\main\java\com\geekq\api\utils\ResultGeekQOrder.java,com.geekq.api.utils.ResultGeekQOrder,class,11,43,39,,,,,,,
E:\OOD\projectsnew\miaosha-master\miaosha-admin\miaosha-admin-api\src\main\java\com\geekq\admin\service\ILogininfoService.java,com.geekq.admin.service.ILogininfoService,interface,6,15,8,,,,,,,
E:\OOD\projectsnew\miaosha-master\miaosha-admin\miaosha-admin-service\src\main\java\com\geekq\admin\mapper\SystemDictionaryItemMapper.java,com.geekq.admin.mapper.SystemDictionaryItemMapper,interface,8,28,10,,,,,,,
E:\OOD\projectsnew\miaosha-master\miaosha-v2\miaosha-common\src\main\java\com\geekq\miasha\validator\MobileValidator.java,com.geekq.miasha.validator.MobileValidator,class,4,0,19,,,,,,,
E:\OOD\projectsnew\miaosha-master\miaosha-v1\src\main\java\com\geekq\miaosha\mybatis\entity\User.java,com.geekq.miaosha.mybatis.entity.User,class,1,0,9,,,,,,,
E:\OOD\projectsnew\miaosha-master\miaosha-admin\miaosha-admin-service\src\main\java\com\geekq\admin\service\impl\SystemDictionaryServiceImpl.java,com.geekq.admin.service.impl.SystemDictionaryServiceImpl,class,10,3,42,,,,,,,
E:\OOD\projectsnew\miaosha-master\miaosha-admin\miaosha-admin-common\src\main\java\com\geekq\common\validator\MobileValidator.java,com.geekq.common.validator.MobileValidator,class,4,0,19,,,,,,,
E:\OOD\projectsnew\miaosha-master\miaosha-admin\miaosha-admin-common\src\main\java\com\geekq\common\utils\ValidatorUtil.java,com.geekq.common.utils.ValidatorUtil,class,2,0,10,,,,,,,
E:\OOD\projectsnew\miaosha-master\miaosha-admin\miaosha-admin-common\src\main\java\com\geekq\common\enums\MessageStatus.java,com.geekq.common.enums.MessageStatus$sendType,enum,0,0,1,,,,,,,
E:\OOD\projectsnew\miaosha-master\miaosha-rpc\dubbo-api\src\main\java\com\geekq\dubbo\springboot\ServiceAPI.java,com.geekq.dubbo.springboot.ServiceAPI,interface,4,6,6,,,,,,,
E:\OOD\projectsnew\miaosha-master\miaosha-v2\miaosha-service\src\main\java\com\geekq\miaosha\redis\RedisPoolFactory.java,com.geekq.miaosha.redis.RedisPoolFactory,class,1,0,11,,,,,,,
E:\OOD\projectsnew\miaosha-master\miaosha-admin\miaosha-admin-common\src\main\java\com\geekq\common\enums\SexEnum.java,com.geekq.common.enums.SexEnum,enum,2,0,8,,,,,,,
E:\OOD\projectsnew\miaosha-master\miaosha-admin\miaosha-admin-service\src\main\java\com\geekq\admin\service\impl\LogininfoServiceImpl.java,com.geekq.admin.service.impl.LogininfoServiceImpl,class,10,9,62,,,,,,,
E:\OOD\projectsnew\miaosha-master\miaosha-v1\src\main\java\com\geekq\miaosha\domain\MiaoshaGoods.java,com.geekq.miaosha.domain.MiaoshaGoods,class,0,0,7,,,,,,,
E:\OOD\projectsnew\miaosha-master\miaosha-v1\src\main\java\com\geekq\miaosha\utils\MD5Utils.java,com.geekq.miaosha.utils.MD5Utils,class,4,4,19,,,,,,,
E:\OOD\projectsnew\miaosha-master\miaosha-v2\miaosha-common\src\main\java\com\geekq\miasha\enums\Constanst.java,com.geekq.miasha.enums.Constanst,class,0,0,15,,,,,,,
E:\OOD\projectsnew\miaosha-master\miaosha-order\miaosha-order-api\src\main\java\com\geekq\api\utils\ResultStatusOrder.java,com.geekq.api.utils.ResultStatusOrder,enum,9,18,36,,,,,,,
E:\OOD\projectsnew\miaosha-master\miaosha-rpc\dubbo-consumer\src\main\java\com\geekq\dubbo\springboot\consumer\ConsumerApplication.java,com.geekq.dubbo.springboot.consumer.ConsumerApplication,class,1,0,7,,,,,,,
E:\OOD\projectsnew\miaosha-master\miaosha-admin\miaosha-admin-service\src\main\java\com\geekq\admin\service\impl\SystemDictionaryUtil.java,com.geekq.admin.service.impl.SystemDictionaryUtil,class,1,0,6,,,,,,,
E:\OOD\projectsnew\miaosha-master\miaosha-v2\miaosha-web\src\main\java\com\geekq\miaosha\config\WebConfig.java,com.geekq.miaosha.config.WebConfig,class,2,1,12,,,,,,,
E:\OOD\projectsnew\miaosha-master\miaosha-v1\src\main\java\com\geekq\miaosha\common\Constanst.java,com.geekq.miaosha.common.Constanst$orderStaus,enum,3,0,11,,,,,,,
E:\OOD\projectsnew\miaosha-master\miaosha-v2\miaosha-service\src\main\java\com\geekq\miaosha\redis\MiaoShaUserKey.java,com.geekq.miaosha.redis.MiaoShaUserKey,class,1,0,8,,,,,,,
E:\OOD\projectsnew\miaosha-master\miaosha-admin\miaosha-admin-common\src\main\java\com\geekq\common\utils\DateUtil.java,com.geekq.common.utils.DateUtil,class,2,1,8,,,,,,,
E:\OOD\projectsnew\miaosha-master\miaosha-admin\miaosha-admin-common\src\main\java\com\geekq\common\utils\SnowflakeIdWorker.java,com.geekq.common.utils.SnowflakeIdWorker,class,13,2,57,,,,,,,
E:\OOD\projectsnew\miaosha-master\miaosha-v2\miaosha-service\src\main\java\com\geekq\miaosha\redis\DistributedLocker.java,com.geekq.miaosha.redis.DistributedLocker,interface,4,6,6,,,,,,,
E:\OOD\projectsnew\miaosha-master\miaosha-v1\src\main\java\com\geekq\miaosha\service\rpchander\vo\HandlerParam.java,com.geekq.miaosha.service.rpchander.vo.HandlerParam,class,0,0,5,,,,,,,
E:\OOD\projectsnew\miaosha-master\miaosha-v1\src\main\java\com\geekq\miaosha\mybatis\controller\UbatisController.java,com.geekq.miaosha.mybatis.controller.UbatisController,class,8,0,46,,,,,,,
E:\OOD\projectsnew\miaosha-master\miaosha-v2\miaosha-service\src\main\java\com\geekq\miaosha\service\GoodsService.java,com.geekq.miaosha.service.GoodsService,class,4,0,15,,,,,,,
E:\OOD\projectsnew\miaosha-master\miaosha-order\miaosha-order-provider\src\main\java\com\geekq\provider\DubboProviderApplication.java,com.geekq.provider.DubboProviderApplication,class,1,0,5,,,,,,,
E:\OOD\projectsnew\miaosha-master\miaosha-rpc\dubbo-api\src\test\java\com\geekq\dubbo\springboot\AppTest.java,com.geekq.dubbo.springboot.AppTest,class,1,0,5,,,,,,,
E:\OOD\projectsnew\miaosha-master\miaosha-v1\src\main\java\com\geekq\miaosha\domain\MiaoShaMessageInfo.java,com.geekq.miaosha.domain.MiaoShaMessageInfo,class,0,0,14,,,,,,,
E:\OOD\projectsnew\miaosha-master\miaosha-v2\miaosha-service\src\main\java\com\geekq\miaosha\redis\MiaoshaKey.java,com.geekq.miaosha.redis.MiaoshaKey,class,1,0,9,,,,,,,
E:\OOD\projectsnew\miaosha-master\miaosha-v1\src\main\java\com\geekq\miaosha\access\UserContext.java,com.geekq.miaosha.access.UserContext,class,3,0,12,,,,,,,
E:\OOD\projectsnew\miaosha-master\miaosha-v2\miaosha-common\src\main\java\com\geekq\miasha\enums\Constants.java,com.geekq.miasha.enums.Constants,class,0,0,7,,,,,,,
E:\OOD\projectsnew\miaosha-master\miaosha-order\miaosha-order-api\src\main\java\com\geekq\api\service\GoodsServiceMock.java,com.geekq.api.service.GoodsServiceMock,class,3,3,14,,,,,,,
E:\OOD\projectsnew\miaosha-master\miaosha-admin\miaosha-admin-api\src\main\java\com\geekq\admin\pojo\OrdersExample.java,com.geekq.admin.pojo.OrdersExample$Criterion,innerclass,14,22,66,,,,,,,
E:\OOD\projectsnew\miaosha-master\miaosha-v1\src\main\java\com\geekq\miaosha\validator\MobileValidator.java,com.geekq.miaosha.validator.MobileValidator,class,4,0,19,,,,,,,
E:\OOD\projectsnew\miaosha-master\miaosha-v2\miaosha-web\src\main\java\com\geekq\miaosha\controller\BaseController.java,com.geekq.miaosha.controller.BaseController,class,6,1,35,,,,,,,
E:\OOD\projectsnew\miaosha-master\miaosha-v2\miaosha-common\src\main\java\com\geekq\miasha\utils\MD5Utils.java,com.geekq.miasha.utils.MD5Utils,class,6,13,28,,,,,,,
E:\OOD\projectsnew\miaosha-master\miaosha-v2\miaosha-common\src\main\java\com\geekq\miasha\utils\UUIDUtil.java,com.geekq.miasha.utils.UUIDUtil,class,1,0,5,,,,,,,
E:\OOD\projectsnew\miaosha-master\miaosha-admin\miaosha-admin-common\src\main\java\com\geekq\common\enums\Constants.java,com.geekq.common.enums.Constants,class,0,0,7,,,,,,,
E:\OOD\projectsnew\miaosha-master\miaosha-v2\miaosha-common\src\main\java\com\geekq\miasha\enums\OrderStatusEnum.java,com.geekq.miasha.enums.OrderStatusEnum,enum,6,0,21,,,,,,,
E:\OOD\projectsnew\miaosha-master\miaosha-v2\miaosha-service\src\main\java\com\geekq\miaosha\redis\redismanager\RedisLua.java,com.geekq.miaosha.redis.redismanager.RedisLua,class,8,4,81,,,,,,,
E:\OOD\projectsnew\miaosha-master\miaosha-v1\src\main\java\com\geekq\miaosha\common\enums\MessageStatus.java,com.geekq.miaosha.common.enums.MessageStatus$ContentEnum,enum,3,0,13,,,,,,,
E:\OOD\projectsnew\miaosha-master\miaosha-admin\miaosha-admin-service\src\main\java\com\geekq\admin\mapper\AccountMapper.java,com.geekq.admin.mapper.AccountMapper,interface,5,10,7,,,,,,,
E:\OOD\projectsnew\miaosha-master\miaosha-v2\miaosha-common\src\main\java\com\geekq\miasha\utils\ValidatorUtil.java,com.geekq.miasha.utils.ValidatorUtil,class,2,0,10,,,,,,,
E:\OOD\projectsnew\miaosha-master\miaosha-admin\miaosha-admin-common\src\main\java\com\geekq\common\enums\OrderStatusEnum.java,com.geekq.common.enums.OrderStatusEnum,enum,6,0,21,,,,,,,
E:\OOD\projectsnew\miaosha-master\miaosha-v2\miaosha-common\src\main\java\com\geekq\miasha\entity\MiaoshaOrder.java,com.geekq.miasha.entity.MiaoshaOrder,class,0,0,6,,,,,,,
E:\OOD\projectsnew\miaosha-master\miaosha-order\miaosha-order-provider\src\main\java\com\geekq\provider\service\impl\GoodsServiceImpl.java,com.geekq.provider.service.impl.GoodsServiceImpl,class,6,0,33,,,,,,,
E:\OOD\projectsnew\miaosha-master\miaosha-v2\miaosha-common\src\main\java\com\geekq\miasha\entity\BaseDomain.java,com.geekq.miasha.entity.BaseDomain,class,0,0,3,,,,,,,
E:\OOD\projectsnew\miaosha-master\miaosha-v2\miaosha-common\src\main\java\com\geekq\miasha\utils\SnowflakeIdWorker.java,com.geekq.miasha.utils.SnowflakeIdWorker,class,15,7,65,,,,,,,
E:\OOD\projectsnew\miaosha-master\miaosha-order\miaosha-order-api\src\main\java\com\geekq\api\utils\AbstractResultOrder.java,com.geekq.api.utils.AbstractResultOrder,class,16,0,50,,,,,,,
E:\OOD\projectsnew\miaosha-master\miaosha-admin\miaosha-admin-common\src\main\java\com\geekq\common\enums\MessageStatus.java,com.geekq.common.enums.MessageStatus$messageType,enum,2,0,8,,,,,,,
E:\OOD\projectsnew\miaosha-master\miaosha-admin\miaosha-admin-common\src\main\java\com\geekq\common\utils\numcal\BitStatesUtils.java,com.geekq.common.utils.numcal.BitStatesUtils,class,6,3,24,,,,,,,
E:\OOD\projectsnew\miaosha-master\miaosha-v2\miaosha-common\src\main\java\com\geekq\miasha\utils\DateTimeUtils.java,com.geekq.miasha.utils.DateTimeUtils,class,7,8,31,,,,,,,
E:\OOD\projectsnew\miaosha-master\miaosha-v2\miaosha-common\src\main\java\com\geekq\miasha\utils\UserContext.java,com.geekq.miasha.utils.UserContext,class,3,0,12,,,,,,,
E:\OOD\projectsnew\miaosha-master\miaosha-v2\miaosha-service\src\main\java\com\geekq\miaosha\redis\RedisConfig.java,com.geekq.miaosha.redis.RedisConfig,class,14,77,51,,,,,,,
E:\OOD\projectsnew\miaosha-master\miaosha-v1\src\main\java\com\geekq\miaosha\mybatis\Mapper\UserMapper.java,com.geekq.miaosha.mybatis.Mapper.UserMapper,interface,9,36,11,,,,,,,
E:\OOD\projectsnew\miaosha-master\miaosha-admin\miaosha-admin-service\src\main\java\com\geekq\admin\redis\RedisClient.java,com.geekq.admin.redis.RedisClient,class,11,0,92,,,,,,,
E:\OOD\projectsnew\miaosha-master\miaosha-admin\miaosha-admin-api\src\main\java\com\geekq\admin\pojo\OrdersExample.java,com.geekq.admin.pojo.OrdersExample$GeneratedCriteria,innerclass,54,1134,202,,,,,,,
E:\OOD\projectsnew\miaosha-master\miaosha-v1\src\main\java\com\geekq\miaosha\vo\LoginVo.java,com.geekq.miaosha.vo.LoginVo,class,1,0,7,,,,,,,
E:\OOD\projectsnew\miaosha-master\miaosha-v2\miaosha-service\src\main\java\com\geekq\miaosha\redis\KeyPrefix.java,com.geekq.miaosha.redis.KeyPrefix,interface,2,1,4,,,,,,,
E:\OOD\projectsnew\miaosha-master\miaosha-rpc\dubbo-api\src\main\java\dto\CapitalTradeOrderDto.java,dto.CapitalTradeOrderDto,class,10,35,38,,,,,,,
E:\OOD\projectsnew\miaosha-master\miaosha-admin\miaosha-admin-api\src\main\java\com\geekq\admin\service\RedisCacheStorageService.java,com.geekq.admin.service.RedisCacheStorageService,interface,2,1,4,,,,,,,
E:\OOD\projectsnew\miaosha-master\miaosha-v2\miaosha-service\src\main\java\com\geekq\miaosha\rabbitmq\MQSender.java,com.geekq.miaosha.rabbitmq.MQSender,class,3,0,19,,,,,,,
E:\OOD\projectsnew\miaosha-master\miaosha-admin\miaosha-admin-service\src\main\java\com\geekq\admin\service\impl\IpLogServiceImpl.java,com.geekq.admin.service.impl.IpLogServiceImpl,class,3,0,15,,,,,,,
E:\OOD\projectsnew\miaosha-master\miaosha-admin\miaosha-admin-api\src\main\java\com\geekq\admin\entity\SystemDictionary.java,com.geekq.admin.entity.SystemDictionary,class,1,0,14,,,,,,,
E:\OOD\projectsnew\miaosha-master\miaosha-v1\src\main\java\com\geekq\miaosha\redis\redismanager\RedisUtil.java,com.geekq.miaosha.redis.redismanager.RedisUtil,class,149,0,1084,,,,,,,
E:\OOD\projectsnew\miaosha-master\miaosha-rpc\dubbo-provider\src\main\java\com\geekq\dubbo\springboot\privoder\PrivoderApplication.java,com.geekq.dubbo.springboot.privoder.PrivoderApplication,class,1,0,5,,,,,,,
E:\OOD\projectsnew\miaosha-master\miaosha-admin\miaosha-admin-service\src\main\java\com\geekq\admin\service\impl\UserServiceImpl.java,com.geekq.admin.service.impl.UserServiceImpl,class,4,6,13,,,,,,,
E:\OOD\projectsnew\miaosha-master\miaosha-v1\src\main\java\com\geekq\miaosha\utils\UserUtil.java,com.geekq.miaosha.utils.UserUtil,class,7,1,73,,,,,,,
E:\OOD\projectsnew\miaosha-master\miaosha-v2\miaosha-service\src\main\java\com\geekq\miaosha\service\MiaoshaService.java,com.geekq.miaosha.service.MiaoshaService,class,30,8,144,,,,,,,
E:\OOD\projectsnew\miaosha-master\miaosha-v1\src\main\java\com\geekq\miaosha\common\Constanst.java,com.geekq.miaosha.common.Constanst,class,0,0,15,,,,,,,
E:\OOD\projectsnew\miaosha-master\miaosha-admin\miaosha-admin-api\src\main\java\com\geekq\admin\service\IAccountService.java,com.geekq.admin.service.IAccountService,interface,4,6,6,,,,,,,
E:\OOD\projectsnew\miaosha-master\miaosha-admin\miaosha-admin-common\src\main\java\com\geekq\common\enums\MessageStatus.java,com.geekq.common.enums.MessageStatus,class,0,0,25,,,,,,,
E:\OOD\projectsnew\miaosha-master\miaosha-admin\miaosha-admin-web\src\main\java\com\geekq\web\controller\PersonController.java,com.geekq.web.controller.PersonController,class,1,0,13,,,,,,,
E:\OOD\projectsnew\miaosha-master\miaosha-v1\src\main\java\com\geekq\miaosha\vo\OrderDetailVo.java,com.geekq.miaosha.vo.OrderDetailVo,class,4,2,16,,,,,,,
E:\OOD\projectsnew\miaosha-master\miaosha-rpc\dubbo-api\src\main\java\com\geekq\dubbo\springboot\CapAccountTradeOrderService.java,com.geekq.dubbo.springboot.CapAccountTradeOrderService,interface,2,1,4,,,,,,,
E:\OOD\projectsnew\miaosha-master\miaosha-v2\miaosha-common\src\main\java\com\geekq\miasha\enums\enums\ResultStatus.java,com.geekq.miasha.enums.enums.ResultStatus,enum,9,18,36,,,,,,,
E:\OOD\projectsnew\miaosha-master\miaosha-admin\miaosha-admin-common\src\main\java\com\geekq\common\utils\numcal\CalculateUtil.java,com.geekq.common.utils.numcal.CalculateUtil,class,21,15,99,,,,,,,
,,,5.62,13.28,28.468,,,,,,,
