file,class,type,wmc,lcom,loc,,,,,,
E:\OOD\projectsnew\react-native-date-picker-master\android\src\main\java\com\henninghall\date_picker\props\HeightProp.java,com.henninghall.date_picker.props.HeightProp,class,1,0,6,,,,,,
E:\OOD\projectsnew\react-native-date-picker-master\android\src\main\java\com\henninghall\date_picker\HourDisplayBugWorkaround.java,com.henninghall.date_picker.HourDisplayBugWorkaround,class,7,4,18,,,,,,
E:\OOD\projectsnew\react-native-date-picker-master\android\src\main\java\com\henninghall\date_picker\Emitter.java,com.henninghall.date_picker.Emitter,class,3,3,15,,,,,,
E:\OOD\projectsnew\react-native-date-picker-master\examples\Rn069\android\app\src\main\java\com\rn069\newarchitecture\MainApplicationReactNativeHost.java,com.rn069.newarchitecture.MainApplicationReactNativeHost$Anonymous1$Anonymous2,anonymous,2,1,13,,,,WMC,lcom,loc
E:\OOD\projectsnew\react-native-date-picker-master\android\src\main\java\com\henninghall\date_picker\wheelFunctions\AddOnChangeListener.java,com.henninghall.date_picker.wheelFunctions.AddOnChangeListener$Anonymous1,anonymous,1,0,5,,,Calculated Mean Value,5.92233,15.33009709,26.96116505
E:\OOD\projectsnew\react-native-date-picker-master\examples\Rn069\android\app\src\main\java\com\rn069\newarchitecture\modules\MainApplicationTurboModuleManagerDelegate.java,com.rn069.newarchitecture.modules.MainApplicationTurboModuleManagerDelegate,class,5,6,19,,,Standard Value,49,78.34,
E:\OOD\projectsnew\react-native-date-picker-master\android\src\main\java\com\henninghall\date_picker\State.java,com.henninghall.date_picker.State$Anonymous1,anonymous,1,0,17,,,,,,
E:\OOD\projectsnew\react-native-date-picker-master\android\src\main\java\com\henninghall\date_picker\ui\Accessibility.java,com.henninghall.date_picker.ui.Accessibility,class,26,91,112,,,,,,
E:\OOD\projectsnew\react-native-date-picker-master\examples\Rn069\android\app\src\debug\java\com\rn069\ReactNativeFlipper.java,com.rn069.ReactNativeFlipper,class,3,0,39,,,,,,
E:\OOD\projectsnew\react-native-date-picker-master\android\src\main\java\com\henninghall\date_picker\props\UtcProp.java,com.henninghall.date_picker.props.UtcProp,class,1,0,6,,,,,,
E:\OOD\projectsnew\react-native-date-picker-master\android\src\main\java\com\henninghall\date_picker\wheels\MonthWheel.java,com.henninghall.date_picker.wheels.MonthWheel,class,9,21,30,,,,,,
E:\OOD\projectsnew\react-native-date-picker-master\android\src\main\java\com\henninghall\date_picker\wheelFunctions\TextColor.java,com.henninghall.date_picker.wheelFunctions.TextColor,class,2,0,9,,,,,,
E:\OOD\projectsnew\react-native-date-picker-master\android\src\main\java\com\henninghall\date_picker\Formats.java,com.henninghall.date_picker.Formats,class,3,1,146,,,,,,
E:\OOD\projectsnew\react-native-date-picker-master\android\src\main\java\com\henninghall\date_picker\ui\PickerWrapper.java,com.henninghall.date_picker.ui.PickerWrapper,class,4,0,16,,,,,,
E:\OOD\projectsnew\react-native-date-picker-master\android\src\main\java\com\henninghall\date_picker\DateBoundary.java,com.henninghall.date_picker.DateBoundary,class,3,0,11,,,,,,
E:\OOD\projectsnew\react-native-date-picker-master\android\src\main\java\com\henninghall\date_picker\ui\WheelChangeListener.java,com.henninghall.date_picker.ui.WheelChangeListener,interface,1,0,3,,,,,,
E:\OOD\projectsnew\react-native-date-picker-master\examples\Rn069\android\app\src\main\java\com\rn069\newarchitecture\modules\MainApplicationTurboModuleManagerDelegate.java,com.rn069.newarchitecture.modules.MainApplicationTurboModuleManagerDelegate$Builder,innerclass,1,0,5,,,,,,
E:\OOD\projectsnew\react-native-date-picker-master\examples\Rn069\android\app\src\androidTest\java\com\rn069\DetoxTest.java,com.rn069.DetoxTest,class,2,0,11,,,,,,
E:\OOD\projectsnew\react-native-date-picker-master\android\src\main\java\com\henninghall\date_picker\wheels\DayWheel.java,com.henninghall.date_picker.wheels.DayWheel,class,28,116,116,,,,,,
E:\OOD\projectsnew\react-native-date-picker-master\examples\Rn069\android\app\src\main\java\com\rn069\MainActivity.java,com.rn069.MainActivity,class,2,1,21,,,,,,
E:\OOD\projectsnew\react-native-date-picker-master\android\src\main\java\com\henninghall\date_picker\wheels\MinutesWheel.java,com.henninghall.date_picker.wheels.MinutesWheel,class,9,15,27,,,,,,
E:\OOD\projectsnew\react-native-date-picker-master\examples\Rn069\android\app\src\main\java\com\rn069\MainApplication.java,com.rn069.MainApplication,class,9,3,50,,,,,,
E:\OOD\projectsnew\react-native-date-picker-master\android\src\main\java\com\henninghall\date_picker\pickers\AndroidNative.java,com.henninghall.date_picker.pickers.AndroidNative,class,37,155,160,,,,,,
E:\OOD\projectsnew\react-native-date-picker-master\android\src\main\java\com\henninghall\date_picker\ui\Wheels.java,com.henninghall.date_picker.ui.Wheels$Anonymous1,anonymous,3,0,10,,,,,,
E:\OOD\projectsnew\react-native-date-picker-master\android\src\main\java\com\henninghall\date_picker\ui\Wheels.java,com.henninghall.date_picker.ui.Wheels$Anonymous2,anonymous,1,0,11,,,,,,
E:\OOD\projectsnew\react-native-date-picker-master\android\src\main\java\com\henninghall\date_picker\pickers\AndroidNative.java,com.henninghall.date_picker.pickers.AndroidNative$Anonymous1,anonymous,1,0,5,,,,,,
E:\OOD\projectsnew\react-native-date-picker-master\android\src\main\java\com\henninghall\date_picker\DatePickerModule.java,com.henninghall.date_picker.DatePickerModule$Anonymous2,anonymous,1,0,6,,,,,,
E:\OOD\projectsnew\react-native-date-picker-master\android\src\main\java\com\henninghall\date_picker\pickers\AndroidNative.java,com.henninghall.date_picker.pickers.AndroidNative$Anonymous3,anonymous,3,0,10,,,,,,
E:\OOD\projectsnew\react-native-date-picker-master\android\src\main\java\com\henninghall\date_picker\DatePickerModule.java,com.henninghall.date_picker.DatePickerModule$Anonymous1,anonymous,1,0,6,,,,,,
E:\OOD\projectsnew\react-native-date-picker-master\android\src\main\java\com\henninghall\date_picker\pickers\AndroidNative.java,com.henninghall.date_picker.pickers.AndroidNative$Anonymous2,anonymous,2,0,8,,,,,,
E:\OOD\projectsnew\react-native-date-picker-master\android\src\main\java\com\henninghall\date_picker\pickers\IosClone.java,com.henninghall.date_picker.pickers.IosClone$Anonymous1,anonymous,2,0,8,,,,,,
E:\OOD\projectsnew\react-native-date-picker-master\android\src\main\java\com\henninghall\date_picker\Formats.java,com.henninghall.date_picker.Formats$Anonymous1,anonymous,1,0,121,,,,,,
E:\OOD\projectsnew\react-native-date-picker-master\android\src\main\java\com\henninghall\date_picker\pickers\AndroidNative.java,com.henninghall.date_picker.pickers.AndroidNative$Anonymous5,anonymous,1,0,5,,,,,,
E:\OOD\projectsnew\react-native-date-picker-master\android\src\main\java\com\henninghall\date_picker\props\Is24hourSourceProp.java,com.henninghall.date_picker.props.Is24hourSourceProp,class,1,0,6,,,,,,
E:\OOD\projectsnew\react-native-date-picker-master\android\src\main\java\com\henninghall\date_picker\DatePickerModule.java,com.henninghall.date_picker.DatePickerModule$Anonymous3,anonymous,1,0,5,,,,,,
E:\OOD\projectsnew\react-native-date-picker-master\android\src\main\java\com\henninghall\date_picker\Formats.java,com.henninghall.date_picker.Formats$Anonymous2,anonymous,1,0,7,,,,,,
E:\OOD\projectsnew\react-native-date-picker-master\android\src\main\java\com\henninghall\date_picker\pickers\AndroidNative.java,com.henninghall.date_picker.pickers.AndroidNative$Anonymous4,anonymous,1,0,6,,,,,,
E:\OOD\projectsnew\react-native-date-picker-master\android\src\main\java\com\henninghall\date_picker\pickers\IosClone.java,com.henninghall.date_picker.pickers.IosClone$Anonymous2,anonymous,1,0,5,,,,,,
E:\OOD\projectsnew\react-native-date-picker-master\android\src\main\java\com\henninghall\date_picker\props\VariantProp.java,com.henninghall.date_picker.props.VariantProp,class,1,0,6,,,,,,
E:\OOD\projectsnew\react-native-date-picker-master\examples\Rn069\android\app\src\main\java\com\rn069\newarchitecture\MainApplicationReactNativeHost.java,com.rn069.newarchitecture.MainApplicationReactNativeHost$Anonymous1,anonymous,1,0,20,,,,,,
E:\OOD\projectsnew\react-native-date-picker-master\examples\detox\android\app\src\main\java\com\example\MainActivity.java,com.example.MainActivity,class,1,0,5,,,,,,
E:\OOD\projectsnew\react-native-date-picker-master\android\src\main\java\com\henninghall\date_picker\models\Variant.java,com.henninghall.date_picker.models.Variant,enum,0,0,1,,,,,,
E:\OOD\projectsnew\react-native-date-picker-master\examples\detox\android\app\src\androidTest\java\com\example\DetoxTest.java,com.example.DetoxTest,class,1,0,6,,,,,,
E:\OOD\projectsnew\react-native-date-picker-master\android\src\main\java\com\henninghall\date_picker\models\Is24HourSource.java,com.henninghall.date_picker.models.Is24HourSource,enum,0,0,1,,,,,,
E:\OOD\projectsnew\react-native-date-picker-master\android\src\main\java\com\henninghall\date_picker\pickers\Picker.java,com.henninghall.date_picker.pickers.Picker$OnValueChangeListener,interface,1,0,3,,,,,,
E:\OOD\projectsnew\react-native-date-picker-master\android\src\main\java\com\henninghall\date_picker\wheels\HourWheel.java,com.henninghall.date_picker.wheels.HourWheel,class,11,19,33,,,,,,
E:\OOD\projectsnew\react-native-date-picker-master\android\src\main\java\com\henninghall\date_picker\pickers\IosClone.java,com.henninghall.date_picker.pickers.IosClone,class,14,78,67,,,,,,
E:\OOD\projectsnew\react-native-date-picker-master\android\src\main\java\com\henninghall\date_picker\wheelFunctions\AddOnChangeListener.java,com.henninghall.date_picker.wheelFunctions.AddOnChangeListener,class,2,1,14,,,,,,
E:\OOD\projectsnew\react-native-date-picker-master\examples\Rn069\android\app\src\androidTest\java\com\rn069\TestButlerProbe.java,com.rn069.TestButlerProbe,class,7,6,32,,,,,,
E:\OOD\projectsnew\react-native-date-picker-master\android\src\main\java\com\henninghall\date_picker\props\ModeProp.java,com.henninghall.date_picker.props.ModeProp,class,1,0,6,,,,,,
E:\OOD\projectsnew\react-native-date-picker-master\android\src\main\java\com\henninghall\date_picker\State.java,com.henninghall.date_picker.State,class,21,186,98,,,,,,
E:\OOD\projectsnew\react-native-date-picker-master\android\src\main\java\com\henninghall\date_picker\props\FadeToColorProp.java,com.henninghall.date_picker.props.FadeToColorProp,class,1,0,6,,,,,,
E:\OOD\projectsnew\react-native-date-picker-master\android\src\main\java\com\henninghall\date_picker\DerivedData.java,com.henninghall.date_picker.DerivedData,class,30,0,104,,,,,,
E:\OOD\projectsnew\react-native-date-picker-master\android\src\main\java\com\henninghall\date_picker\wheels\DateWheel.java,com.henninghall.date_picker.wheels.DateWheel,class,8,15,30,,,,,,
E:\OOD\projectsnew\react-native-date-picker-master\android\src\main\java\com\henninghall\date_picker\ui\Wheels.java,com.henninghall.date_picker.ui.Wheels,class,43,192,170,,,,,,
E:\OOD\projectsnew\react-native-date-picker-master\android\src\main\java\com\henninghall\date_picker\wheels\YearWheel.java,com.henninghall.date_picker.wheels.YearWheel,class,12,24,46,,,,,,
E:\OOD\projectsnew\react-native-date-picker-master\android\src\main\java\com\henninghall\date_picker\wheelFunctions\SetShowCount.java,com.henninghall.date_picker.wheelFunctions.SetShowCount,class,2,0,9,,,,,,
E:\OOD\projectsnew\react-native-date-picker-master\examples\Rn069\android\app\src\main\java\com\rn069\newarchitecture\MainApplicationReactNativeHost.java,com.rn069.newarchitecture.MainApplicationReactNativeHost,class,6,15,41,,,,,,
E:\OOD\projectsnew\react-native-date-picker-master\android\src\main\java\com\henninghall\date_picker\wheelFunctions\Hide.java,com.henninghall.date_picker.wheelFunctions.Hide,class,1,0,5,,,,,,
E:\OOD\projectsnew\react-native-date-picker-master\android\src\main\java\com\henninghall\date_picker\props\DividerHeightProp.java,com.henninghall.date_picker.props.DividerHeightProp,class,1,0,6,,,,,,
E:\OOD\projectsnew\react-native-date-picker-master\android\src\main\java\com\henninghall\date_picker\props\MinimumDateProp.java,com.henninghall.date_picker.props.MinimumDateProp,class,1,0,6,,,,,,
E:\OOD\projectsnew\react-native-date-picker-master\android\src\main\java\com\henninghall\date_picker\wheelFunctions\WheelFunction.java,com.henninghall.date_picker.wheelFunctions.WheelFunction,interface,1,0,3,,,,,,
E:\OOD\projectsnew\react-native-date-picker-master\android\src\main\java\com\henninghall\date_picker\PickerView.java,com.henninghall.date_picker.PickerView,class,19,5,75,,,,,,
E:\OOD\projectsnew\react-native-date-picker-master\android\src\main\java\com\henninghall\date_picker\wheelFunctions\Refresh.java,com.henninghall.date_picker.wheelFunctions.Refresh,class,1,0,5,,,,,,
E:\OOD\projectsnew\react-native-date-picker-master\examples\Rn069\android\app\src\test\java\ShortestScrollOption.java,ShortestScrollOption,class,10,45,32,,,,,,
E:\OOD\projectsnew\react-native-date-picker-master\android\src\main\java\com\henninghall\date_picker\DatePickerPackage.java,com.henninghall.date_picker.DatePickerPackage,class,2,0,11,,,,,,
E:\OOD\projectsnew\react-native-date-picker-master\android\src\main\java\com\henninghall\date_picker\props\MaximumDateProp.java,com.henninghall.date_picker.props.MaximumDateProp,class,1,0,6,,,,,,
E:\OOD\projectsnew\react-native-date-picker-master\android\src\main\java\com\henninghall\date_picker\pickers\Picker.java,com.henninghall.date_picker.pickers.Picker$OnValueChangeListenerInScrolling,interface,1,0,3,,,,,,
E:\OOD\projectsnew\react-native-date-picker-master\android\src\main\java\com\henninghall\date_picker\Utils.java,com.henninghall.date_picker.Utils,class,28,78,87,,,,,,
E:\OOD\projectsnew\react-native-date-picker-master\android\src\main\java\com\henninghall\date_picker\wheelFunctions\HorizontalPadding.java,com.henninghall.date_picker.wheelFunctions.HorizontalPadding,class,1,0,5,,,,,,
E:\OOD\projectsnew\react-native-date-picker-master\android\src\main\java\com\henninghall\date_picker\wheels\AmPmWheel.java,com.henninghall.date_picker.wheels.AmPmWheel,class,8,15,27,,,,,,
E:\OOD\projectsnew\react-native-date-picker-master\android\src\main\java\com\henninghall\date_picker\ui\FadingOverlay.java,com.henninghall.date_picker.ui.FadingOverlay,class,7,1,27,,,,,,
E:\OOD\projectsnew\react-native-date-picker-master\examples\detox\android\app\src\main\java\com\example\MainApplication.java,com.example.MainApplication$Anonymous1,anonymous,2,1,8,,,,,,
E:\OOD\projectsnew\react-native-date-picker-master\examples\detox\android\app\src\main\java\com\example\MainApplication.java,com.example.MainApplication,class,2,1,18,,,,,,
E:\OOD\projectsnew\react-native-date-picker-master\android\src\main\java\com\henninghall\date_picker\models\Mode.java,com.henninghall.date_picker.models.Mode,enum,0,0,1,,,,,,
E:\OOD\projectsnew\react-native-date-picker-master\android\src\main\java\com\henninghall\date_picker\props\MinuteIntervalProp.java,com.henninghall.date_picker.props.MinuteIntervalProp,class,2,1,9,,,,,,
E:\OOD\projectsnew\react-native-date-picker-master\android\src\main\java\com\henninghall\date_picker\PickerView.java,com.henninghall.date_picker.PickerView$Anonymous1,anonymous,1,0,6,,,,,,
E:\OOD\projectsnew\react-native-date-picker-master\android\src\main\java\com\henninghall\date_picker\props\TextColorProp.java,com.henninghall.date_picker.props.TextColorProp,class,1,0,6,,,,,,
E:\OOD\projectsnew\react-native-date-picker-master\android\src\main\java\com\henninghall\date_picker\LocaleUtils.java,com.henninghall.date_picker.LocaleUtils,class,14,36,72,,,,,,
E:\OOD\projectsnew\react-native-date-picker-master\android\src\main\java\com\henninghall\date_picker\ui\WheelChangeListenerImpl.java,com.henninghall.date_picker.ui.WheelChangeListenerImpl,class,18,0,86,,,,,,
E:\OOD\projectsnew\react-native-date-picker-master\android\src\main\java\com\henninghall\date_picker\wheelFunctions\SetDate.java,com.henninghall.date_picker.wheelFunctions.SetDate,class,2,0,9,,,,,,
E:\OOD\projectsnew\react-native-date-picker-master\android\src\main\java\com\henninghall\date_picker\props\DateProp.java,com.henninghall.date_picker.props.DateProp,class,1,0,6,,,,,,
E:\OOD\projectsnew\react-native-date-picker-master\android\src\main\java\com\henninghall\date_picker\wheels\Wheel.java,com.henninghall.date_picker.wheels.Wheel,class,35,130,104,,,,,,
E:\OOD\projectsnew\react-native-date-picker-master\examples\Rn069\android\app\src\debug\java\com\rn069\ReactNativeFlipper.java,com.rn069.ReactNativeFlipper$Anonymous1,anonymous,1,0,5,,,,,,
E:\OOD\projectsnew\react-native-date-picker-master\examples\Rn069\android\app\src\debug\java\com\rn069\ReactNativeFlipper.java,com.rn069.ReactNativeFlipper$Anonymous2,anonymous,1,0,11,,,,,,
E:\OOD\projectsnew\react-native-date-picker-master\android\src\main\java\com\henninghall\date_picker\models\WheelType.java,com.henninghall.date_picker.models.WheelType,enum,0,0,1,,,,,,
E:\OOD\projectsnew\react-native-date-picker-master\android\src\main\java\com\henninghall\date_picker\ui\Accessibility.java,com.henninghall.date_picker.ui.Accessibility$Anonymous1,anonymous,5,0,18,,,,,,
E:\OOD\projectsnew\react-native-date-picker-master\examples\Rn069\android\app\src\debug\java\com\rn069\ReactNativeFlipper.java,com.rn069.ReactNativeFlipper$Anonymous2$Anonymous3,anonymous,1,0,5,,,,,,
E:\OOD\projectsnew\react-native-date-picker-master\android\src\main\java\com\henninghall\date_picker\Formats.java,com.henninghall.date_picker.Formats$Format,enum,0,0,1,,,,,,
E:\OOD\projectsnew\react-native-date-picker-master\examples\Rn069\android\app\src\main\java\com\rn069\newarchitecture\components\MainComponentsRegistry.java,com.rn069.newarchitecture.components.MainComponentsRegistry,class,4,3,13,,,,,,
E:\OOD\projectsnew\react-native-date-picker-master\android\src\main\java\com\henninghall\date_picker\DatePickerModule.java,com.henninghall.date_picker.DatePickerModule,class,16,43,85,,,,,,
E:\OOD\projectsnew\react-native-date-picker-master\android\src\main\java\com\henninghall\date_picker\DatePickerManager.java,com.henninghall.date_picker.DatePickerManager,class,14,43,51,,,,,,
E:\OOD\projectsnew\react-native-date-picker-master\examples\Rn069\android\app\src\main\java\com\rn069\MainApplication.java,com.rn069.MainApplication$Anonymous1,anonymous,3,3,12,,,,,,
E:\OOD\projectsnew\react-native-date-picker-master\android\src\main\java\com\henninghall\date_picker\wheelFunctions\AnimateToDate.java,com.henninghall.date_picker.wheelFunctions.AnimateToDate,class,2,0,9,,,,,,
E:\OOD\projectsnew\react-native-date-picker-master\android\src\main\java\com\henninghall\date_picker\Formats.java,com.henninghall.date_picker.Formats$FormatNotFoundException,innerclass,0,0,2,,,,,,
E:\OOD\projectsnew\react-native-date-picker-master\android\src\main\java\com\henninghall\date_picker\pickers\Picker.java,com.henninghall.date_picker.pickers.Picker,interface,21,210,29,,,,,,
E:\OOD\projectsnew\react-native-date-picker-master\android\src\main\java\com\henninghall\date_picker\wheelFunctions\UpdateVisibility.java,com.henninghall.date_picker.wheelFunctions.UpdateVisibility,class,1,0,5,,,,,,
E:\OOD\projectsnew\react-native-date-picker-master\android\src\main\java\com\henninghall\date_picker\ui\WheelScroller.java,com.henninghall.date_picker.ui.WheelScroller,class,3,0,12,,,,,,
E:\OOD\projectsnew\react-native-date-picker-master\android\src\main\java\com\henninghall\date_picker\wheelFunctions\SetDividerHeight.java,com.henninghall.date_picker.wheelFunctions.SetDividerHeight,class,2,0,9,,,,,,
E:\OOD\projectsnew\react-native-date-picker-master\examples\Rn069\android\app\src\main\java\com\rn069\MainActivity.java,com.rn069.MainActivity$MainActivityDelegate,innerclass,3,3,13,,,,,,
E:\OOD\projectsnew\react-native-date-picker-master\android\src\main\java\com\henninghall\date_picker\ui\UIManager.java,com.henninghall.date_picker.ui.UIManager,class,17,0,63,,,,,,
E:\OOD\projectsnew\react-native-date-picker-master\android\src\main\java\com\henninghall\date_picker\props\LocaleProp.java,com.henninghall.date_picker.props.LocaleProp,class,6,8,20,,,,,,
E:\OOD\projectsnew\react-native-date-picker-master\android\src\main\java\com\henninghall\date_picker\props\Prop.java,com.henninghall.date_picker.props.Prop,class,6,0,18,,,,,,
,,,5.922330097,15.33009709,26.96116505,,,,,,
