file,class,method,variable,usage
E:\OOD\projectsnew\react-native-date-picker-master\android\src\main\java\com\henninghall\date_picker\HourDisplayBugWorkaround.java,com.henninghall.date_picker.HourDisplayBugWorkaround,shouldApply/1[java.lang.String],state,1
E:\OOD\projectsnew\react-native-date-picker-master\android\src\main\java\com\henninghall\date_picker\HourDisplayBugWorkaround.java,com.henninghall.date_picker.HourDisplayBugWorkaround,HourDisplayBugWorkaround/1[com.henninghall.date_picker.State],state,3
E:\OOD\projectsnew\react-native-date-picker-master\examples\Rn069\android\app\src\main\java\com\rn069\newarchitecture\modules\MainApplicationTurboModuleManagerDelegate.java,com.rn069.newarchitecture.modules.MainApplicationTurboModuleManagerDelegate,maybeLoadOtherSoLibraries/0,sIsSoLibraryLoaded,2
E:\OOD\projectsnew\react-native-date-picker-master\android\src\main\java\com\henninghall\date_picker\ui\Accessibility.java,com.henninghall.date_picker.ui.Accessibility,isAccessibilityEnabled/0,systemManager,2
E:\OOD\projectsnew\react-native-date-picker-master\android\src\main\java\com\henninghall\date_picker\ui\Accessibility.java,com.henninghall.date_picker.ui.Accessibility,sendEvent/1[com.henninghall.date_picker.ui.AccessibilityEvent],systemManager,3
E:\OOD\projectsnew\react-native-date-picker-master\android\src\main\java\com\henninghall\date_picker\ui\Accessibility.java,com.henninghall.date_picker.ui.Accessibility,getLocale/0,mLocale,1
E:\OOD\projectsnew\react-native-date-picker-master\android\src\main\java\com\henninghall\date_picker\ui\Accessibility.java,com.henninghall.date_picker.ui.Accessibility,shouldAllowScroll/1[com.henninghall.date_picker.ui.View],systemManager,1
E:\OOD\projectsnew\react-native-date-picker-master\android\src\main\java\com\henninghall\date_picker\ui\Accessibility.java,com.henninghall.date_picker.ui.Accessibility,hasAccessibilityFeatureTypeEnabled/1[int],systemManager,1
E:\OOD\projectsnew\react-native-date-picker-master\android\src\main\java\com\henninghall\date_picker\ui\Accessibility.java,com.henninghall.date_picker.ui.Accessibility,setLocale/1[java.util.Locale],mLocale,1
E:\OOD\projectsnew\react-native-date-picker-master\android\src\main\java\com\henninghall\date_picker\wheelFunctions\TextColor.java,com.henninghall.date_picker.wheelFunctions.TextColor,TextColor/1[java.lang.String],color,3
E:\OOD\projectsnew\react-native-date-picker-master\android\src\main\java\com\henninghall\date_picker\wheelFunctions\TextColor.java,com.henninghall.date_picker.wheelFunctions.TextColor,apply/1[com.henninghall.date_picker.wheels.Wheel],color,1
E:\OOD\projectsnew\react-native-date-picker-master\android\src\main\java\com\henninghall\date_picker\Formats.java,com.henninghall.date_picker.Formats,"get/2[java.lang.String,com.henninghall.date_picker.Formats.Format]",map,1
E:\OOD\projectsnew\react-native-date-picker-master\android\src\main\java\com\henninghall\date_picker\ui\PickerWrapper.java,com.henninghall.date_picker.ui.PickerWrapper,removeAll/0,view,1
E:\OOD\projectsnew\react-native-date-picker-master\android\src\main\java\com\henninghall\date_picker\ui\PickerWrapper.java,com.henninghall.date_picker.ui.PickerWrapper,PickerWrapper/1[com.henninghall.date_picker.ui.View],view,2
E:\OOD\projectsnew\react-native-date-picker-master\android\src\main\java\com\henninghall\date_picker\ui\PickerWrapper.java,com.henninghall.date_picker.ui.PickerWrapper,addPicker/1[com.henninghall.date_picker.ui.View],view,1
E:\OOD\projectsnew\react-native-date-picker-master\android\src\main\java\com\henninghall\date_picker\ui\PickerWrapper.java,com.henninghall.date_picker.ui.PickerWrapper,"addPicker/2[com.henninghall.date_picker.ui.View,int]",view,1
E:\OOD\projectsnew\react-native-date-picker-master\android\src\main\java\com\henninghall\date_picker\DateBoundary.java,com.henninghall.date_picker.DateBoundary,"DateBoundary/2[java.util.TimeZone,java.lang.String]",date,4
E:\OOD\projectsnew\react-native-date-picker-master\android\src\main\java\com\henninghall\date_picker\DateBoundary.java,com.henninghall.date_picker.DateBoundary,get/0,date,1
E:\OOD\projectsnew\react-native-date-picker-master\examples\Rn069\android\app\src\androidTest\java\com\rn069\DetoxTest.java,com.rn069.DetoxTest,runDetoxTests/0,mActivityRule,1
E:\OOD\projectsnew\react-native-date-picker-master\android\src\main\java\com\henninghall\date_picker\wheels\DayWheel.java,com.henninghall.date_picker.wheels.DayWheel,getEndCal/0,defaultNumberOfDays,1
E:\OOD\projectsnew\react-native-date-picker-master\android\src\main\java\com\henninghall\date_picker\wheels\DayWheel.java,com.henninghall.date_picker.wheels.DayWheel,toDisplayValue/1[java.lang.String],displayValues,1
E:\OOD\projectsnew\react-native-date-picker-master\android\src\main\java\com\henninghall\date_picker\wheels\DayWheel.java,com.henninghall.date_picker.wheels.DayWheel,toDisplayValue/1[java.lang.String],todayValue,1
E:\OOD\projectsnew\react-native-date-picker-master\android\src\main\java\com\henninghall\date_picker\wheels\DayWheel.java,com.henninghall.date_picker.wheels.DayWheel,getValues/0,displayValues,2
E:\OOD\projectsnew\react-native-date-picker-master\android\src\main\java\com\henninghall\date_picker\wheels\DayWheel.java,com.henninghall.date_picker.wheels.DayWheel,getValues/0,todayValue,1
E:\OOD\projectsnew\react-native-date-picker-master\android\src\main\java\com\henninghall\date_picker\wheels\DayWheel.java,com.henninghall.date_picker.wheels.DayWheel,getStartCal/0,defaultNumberOfDays,1
E:\OOD\projectsnew\react-native-date-picker-master\examples\Rn069\android\app\src\main\java\com\rn069\MainApplication.java,com.rn069.MainApplication,getReactNativeHost/0,mReactNativeHost,1
E:\OOD\projectsnew\react-native-date-picker-master\examples\Rn069\android\app\src\main\java\com\rn069\MainApplication.java,com.rn069.MainApplication,getReactNativeHost/0,mNewArchitectureNativeHost,1
E:\OOD\projectsnew\react-native-date-picker-master\android\src\main\java\com\henninghall\date_picker\pickers\AndroidNative.java,com.henninghall.date_picker.pickers.AndroidNative,onDetachedFromWindow/0,handler,1
E:\OOD\projectsnew\react-native-date-picker-master\android\src\main\java\com\henninghall\date_picker\pickers\AndroidNative.java,com.henninghall.date_picker.pickers.AndroidNative,setOnValueChangedListener/1[com.henninghall.date_picker.pickers.Picker.OnValueChangeListener],onValueChangedListener,1
E:\OOD\projectsnew\react-native-date-picker-master\android\src\main\java\com\henninghall\date_picker\pickers\AndroidNative.java,com.henninghall.date_picker.pickers.AndroidNative,isSpinning/0,state,1
E:\OOD\projectsnew\react-native-date-picker-master\android\src\main\java\com\henninghall\date_picker\pickers\AndroidNative.java,com.henninghall.date_picker.pickers.AndroidNative,isSpinning/0,isAnimating,1
E:\OOD\projectsnew\react-native-date-picker-master\android\src\main\java\com\henninghall\date_picker\pickers\AndroidNative.java,com.henninghall.date_picker.pickers.AndroidNative,smoothScrollToValue/1[int],handler,1
E:\OOD\projectsnew\react-native-date-picker-master\android\src\main\java\com\henninghall\date_picker\pickers\AndroidNative.java,com.henninghall.date_picker.pickers.AndroidNative,smoothScrollToValue/1[int],isAnimating,1
E:\OOD\projectsnew\react-native-date-picker-master\android\src\main\java\com\henninghall\date_picker\pickers\AndroidNative.java,com.henninghall.date_picker.pickers.AndroidNative,setOnValueChangeListenerInScrolling/1[com.henninghall.date_picker.pickers.Picker.OnValueChangeListenerInScrolling],listenerInScrolling,1
E:\OOD\projectsnew\react-native-date-picker-master\android\src\main\java\com\henninghall\date_picker\pickers\AndroidNative.java,com.henninghall.date_picker.pickers.AndroidNative,sendEventIfStopped/1[int],state,1
E:\OOD\projectsnew\react-native-date-picker-master\android\src\main\java\com\henninghall\date_picker\pickers\AndroidNative.java,com.henninghall.date_picker.pickers.AndroidNative,"changeValueByOne/3[boolean,int,boolean]",handler,1
E:\OOD\projectsnew\react-native-date-picker-master\android\src\main\java\com\henninghall\date_picker\pickers\AndroidNative.java,com.henninghall.date_picker.pickers.AndroidNative,sendEventIn500ms/0,handler,1
E:\OOD\projectsnew\react-native-date-picker-master\examples\detox\android\app\src\androidTest\java\com\example\DetoxTest.java,com.example.DetoxTest,runDetoxTests/0,mActivityRule,1
E:\OOD\projectsnew\react-native-date-picker-master\android\src\main\java\com\henninghall\date_picker\wheels\HourWheel.java,com.henninghall.date_picker.wheels.HourWheel,"HourWheel/2[com.henninghall.date_picker.pickers.Picker,com.henninghall.date_picker.State]",hourDisplayAdjustment,1
E:\OOD\projectsnew\react-native-date-picker-master\android\src\main\java\com\henninghall\date_picker\wheels\HourWheel.java,com.henninghall.date_picker.wheels.HourWheel,toDisplayValue/1[java.lang.String],hourDisplayAdjustment,1
E:\OOD\projectsnew\react-native-date-picker-master\android\src\main\java\com\henninghall\date_picker\pickers\IosClone.java,com.henninghall.date_picker.pickers.IosClone,setOnValueChangeListenerInScrolling/1[com.henninghall.date_picker.pickers.Picker.OnValueChangeListenerInScrolling],mOnValueChangeListenerInScrolling,1
E:\OOD\projectsnew\react-native-date-picker-master\android\src\main\java\com\henninghall\date_picker\wheelFunctions\AddOnChangeListener.java,com.henninghall.date_picker.wheelFunctions.AddOnChangeListener,AddOnChangeListener/1[com.henninghall.date_picker.ui.WheelChangeListener],onChangeListener,3
E:\OOD\projectsnew\react-native-date-picker-master\examples\Rn069\android\app\src\androidTest\java\com\rn069\TestButlerProbe.java,com.rn069.TestButlerProbe,assertReadyIfInstalled/0,LOG_TAG,3
E:\OOD\projectsnew\react-native-date-picker-master\examples\Rn069\android\app\src\androidTest\java\com\rn069\TestButlerProbe.java,com.rn069.TestButlerProbe,isTestButlerServiceInstalled/0,TEST_BUTLER_PACKAGE_NAME,1
E:\OOD\projectsnew\react-native-date-picker-master\android\src\main\java\com\henninghall\date_picker\State.java,com.henninghall.date_picker.State,getMaximumDate/0,maximumDateProp,1
E:\OOD\projectsnew\react-native-date-picker-master\android\src\main\java\com\henninghall\date_picker\State.java,com.henninghall.date_picker.State,getDividerHeight/0,dividerHeightProp,1
E:\OOD\projectsnew\react-native-date-picker-master\android\src\main\java\com\henninghall\date_picker\State.java,com.henninghall.date_picker.State,getMinimumDate/0,minimumDateProp,1
E:\OOD\projectsnew\react-native-date-picker-master\android\src\main\java\com\henninghall\date_picker\State.java,com.henninghall.date_picker.State,getHeight/0,heightProp,1
E:\OOD\projectsnew\react-native-date-picker-master\android\src\main\java\com\henninghall\date_picker\State.java,com.henninghall.date_picker.State,State/0,derived,1
E:\OOD\projectsnew\react-native-date-picker-master\android\src\main\java\com\henninghall\date_picker\State.java,com.henninghall.date_picker.State,getTextColor/0,textColorProp,1
E:\OOD\projectsnew\react-native-date-picker-master\android\src\main\java\com\henninghall\date_picker\State.java,com.henninghall.date_picker.State,getFadeToColor/0,fadeToColorProp,1
E:\OOD\projectsnew\react-native-date-picker-master\android\src\main\java\com\henninghall\date_picker\State.java,com.henninghall.date_picker.State,getVariant/0,variantProp,1
E:\OOD\projectsnew\react-native-date-picker-master\android\src\main\java\com\henninghall\date_picker\State.java,com.henninghall.date_picker.State,getProp/1[java.lang.String],props,1
E:\OOD\projectsnew\react-native-date-picker-master\android\src\main\java\com\henninghall\date_picker\State.java,com.henninghall.date_picker.State,setLastSelectedDate/1[java.util.Calendar],lastSelectedDate,1
E:\OOD\projectsnew\react-native-date-picker-master\android\src\main\java\com\henninghall\date_picker\State.java,com.henninghall.date_picker.State,getTimeZone/0,utcProp,1
E:\OOD\projectsnew\react-native-date-picker-master\android\src\main\java\com\henninghall\date_picker\State.java,com.henninghall.date_picker.State,getIsoDate/0,dateProp,1
E:\OOD\projectsnew\react-native-date-picker-master\android\src\main\java\com\henninghall\date_picker\State.java,com.henninghall.date_picker.State,getLocaleLanguageTag/0,localeProp,1
E:\OOD\projectsnew\react-native-date-picker-master\android\src\main\java\com\henninghall\date_picker\State.java,com.henninghall.date_picker.State,getLocale/0,localeProp,1
E:\OOD\projectsnew\react-native-date-picker-master\android\src\main\java\com\henninghall\date_picker\State.java,com.henninghall.date_picker.State,getMinuteInterval/0,minuteIntervalProp,1
E:\OOD\projectsnew\react-native-date-picker-master\android\src\main\java\com\henninghall\date_picker\State.java,com.henninghall.date_picker.State,getIs24HourSource/0,is24hourSourceProp,1
E:\OOD\projectsnew\react-native-date-picker-master\android\src\main\java\com\henninghall\date_picker\State.java,com.henninghall.date_picker.State,getMode/0,modeProp,1
E:\OOD\projectsnew\react-native-date-picker-master\android\src\main\java\com\henninghall\date_picker\State.java,com.henninghall.date_picker.State,getLastSelectedDate/0,lastSelectedDate,1
E:\OOD\projectsnew\react-native-date-picker-master\android\src\main\java\com\henninghall\date_picker\DerivedData.java,com.henninghall.date_picker.DerivedData,hasOnly2Wheels/0,state,1
E:\OOD\projectsnew\react-native-date-picker-master\android\src\main\java\com\henninghall\date_picker\DerivedData.java,com.henninghall.date_picker.DerivedData,DerivedData/1[com.henninghall.date_picker.State],state,3
E:\OOD\projectsnew\react-native-date-picker-master\android\src\main\java\com\henninghall\date_picker\DerivedData.java,com.henninghall.date_picker.DerivedData,getLastDate/0,state,2
E:\OOD\projectsnew\react-native-date-picker-master\android\src\main\java\com\henninghall\date_picker\DerivedData.java,com.henninghall.date_picker.DerivedData,getOrderedWheels/0,state,1
E:\OOD\projectsnew\react-native-date-picker-master\android\src\main\java\com\henninghall\date_picker\DerivedData.java,com.henninghall.date_picker.DerivedData,getShownCount/0,state,1
E:\OOD\projectsnew\react-native-date-picker-master\android\src\main\java\com\henninghall\date_picker\DerivedData.java,com.henninghall.date_picker.DerivedData,getRootLayout/0,state,1
E:\OOD\projectsnew\react-native-date-picker-master\android\src\main\java\com\henninghall\date_picker\DerivedData.java,com.henninghall.date_picker.DerivedData,hasNativeStyle/0,state,1
E:\OOD\projectsnew\react-native-date-picker-master\android\src\main\java\com\henninghall\date_picker\DerivedData.java,com.henninghall.date_picker.DerivedData,usesAmPm/0,state,2
E:\OOD\projectsnew\react-native-date-picker-master\android\src\main\java\com\henninghall\date_picker\DerivedData.java,com.henninghall.date_picker.DerivedData,getVisibleWheels/0,state,1
E:\OOD\projectsnew\react-native-date-picker-master\android\src\main\java\com\henninghall\date_picker\ui\Wheels.java,com.henninghall.date_picker.ui.Wheels,getDateString/1[int],dayWheel,1
E:\OOD\projectsnew\react-native-date-picker-master\android\src\main\java\com\henninghall\date_picker\ui\Wheels.java,com.henninghall.date_picker.ui.Wheels,getDateString/1[int],state,1
E:\OOD\projectsnew\react-native-date-picker-master\android\src\main\java\com\henninghall\date_picker\ui\Wheels.java,com.henninghall.date_picker.ui.Wheels,updateWheelOrder/0,emptyStart,1
E:\OOD\projectsnew\react-native-date-picker-master\android\src\main\java\com\henninghall\date_picker\ui\Wheels.java,com.henninghall.date_picker.ui.Wheels,updateWheelOrder/0,emptyEnd,1
E:\OOD\projectsnew\react-native-date-picker-master\android\src\main\java\com\henninghall\date_picker\ui\Wheels.java,com.henninghall.date_picker.ui.Wheels,updateWheelOrder/0,state,2
E:\OOD\projectsnew\react-native-date-picker-master\android\src\main\java\com\henninghall\date_picker\ui\Wheels.java,com.henninghall.date_picker.ui.Wheels,updateWheelOrder/0,pickerWrapper,3
E:\OOD\projectsnew\react-native-date-picker-master\android\src\main\java\com\henninghall\date_picker\ui\Wheels.java,com.henninghall.date_picker.ui.Wheels,getPickerWithId/1[int],rootView,1
E:\OOD\projectsnew\react-native-date-picker-master\android\src\main\java\com\henninghall\date_picker\ui\Wheels.java,com.henninghall.date_picker.ui.Wheels,getWheel/1[com.henninghall.date_picker.models.WheelType],wheelPerWheelType,1
E:\OOD\projectsnew\react-native-date-picker-master\android\src\main\java\com\henninghall\date_picker\ui\Wheels.java,com.henninghall.date_picker.ui.Wheels,updateDividerHeight/0,emptyStart,1
E:\OOD\projectsnew\react-native-date-picker-master\android\src\main\java\com\henninghall\date_picker\ui\Wheels.java,com.henninghall.date_picker.ui.Wheels,updateDividerHeight/0,emptyEnd,1
E:\OOD\projectsnew\react-native-date-picker-master\android\src\main\java\com\henninghall\date_picker\ui\Wheels.java,com.henninghall.date_picker.ui.Wheels,updateDividerHeight/0,state,2
E:\OOD\projectsnew\react-native-date-picker-master\android\src\main\java\com\henninghall\date_picker\ui\Wheels.java,com.henninghall.date_picker.ui.Wheels,getTimeString/0,ampmWheel,1
E:\OOD\projectsnew\react-native-date-picker-master\android\src\main\java\com\henninghall\date_picker\ui\Wheels.java,com.henninghall.date_picker.ui.Wheels,getTimeString/0,minutesWheel,1
E:\OOD\projectsnew\react-native-date-picker-master\android\src\main\java\com\henninghall\date_picker\ui\Wheels.java,com.henninghall.date_picker.ui.Wheels,getTimeString/0,hourWheel,1
E:\OOD\projectsnew\react-native-date-picker-master\android\src\main\java\com\henninghall\date_picker\ui\Wheels.java,com.henninghall.date_picker.ui.Wheels,getDateFormatPattern/0,dayWheel,1
E:\OOD\projectsnew\react-native-date-picker-master\android\src\main\java\com\henninghall\date_picker\ui\Wheels.java,com.henninghall.date_picker.ui.Wheels,getDateFormatPattern/0,state,1
E:\OOD\projectsnew\react-native-date-picker-master\android\src\main\java\com\henninghall\date_picker\ui\Wheels.java,com.henninghall.date_picker.ui.Wheels,getFormatPattern/0,ampmWheel,1
E:\OOD\projectsnew\react-native-date-picker-master\android\src\main\java\com\henninghall\date_picker\ui\Wheels.java,com.henninghall.date_picker.ui.Wheels,getFormatPattern/0,minutesWheel,1
E:\OOD\projectsnew\react-native-date-picker-master\android\src\main\java\com\henninghall\date_picker\ui\Wheels.java,com.henninghall.date_picker.ui.Wheels,getFormatPattern/0,hourWheel,1
E:\OOD\projectsnew\react-native-date-picker-master\android\src\main\java\com\henninghall\date_picker\ui\Wheels.java,com.henninghall.date_picker.ui.Wheels,"Wheels/2[com.henninghall.date_picker.State,com.henninghall.date_picker.ui.View]",emptyStart,1
E:\OOD\projectsnew\react-native-date-picker-master\android\src\main\java\com\henninghall\date_picker\ui\Wheels.java,com.henninghall.date_picker.ui.Wheels,"Wheels/2[com.henninghall.date_picker.State,com.henninghall.date_picker.ui.View]",monthWheel,1
E:\OOD\projectsnew\react-native-date-picker-master\android\src\main\java\com\henninghall\date_picker\ui\Wheels.java,com.henninghall.date_picker.ui.Wheels,"Wheels/2[com.henninghall.date_picker.State,com.henninghall.date_picker.ui.View]",minutesWheel,1
E:\OOD\projectsnew\react-native-date-picker-master\android\src\main\java\com\henninghall\date_picker\ui\Wheels.java,com.henninghall.date_picker.ui.Wheels,"Wheels/2[com.henninghall.date_picker.State,com.henninghall.date_picker.ui.View]",rootView,6
E:\OOD\projectsnew\react-native-date-picker-master\android\src\main\java\com\henninghall\date_picker\ui\Wheels.java,com.henninghall.date_picker.ui.Wheels,"Wheels/2[com.henninghall.date_picker.State,com.henninghall.date_picker.ui.View]",pickerWrapper,1
E:\OOD\projectsnew\react-native-date-picker-master\android\src\main\java\com\henninghall\date_picker\ui\Wheels.java,com.henninghall.date_picker.ui.Wheels,"Wheels/2[com.henninghall.date_picker.State,com.henninghall.date_picker.ui.View]",yearWheel,1
E:\OOD\projectsnew\react-native-date-picker-master\android\src\main\java\com\henninghall\date_picker\ui\Wheels.java,com.henninghall.date_picker.ui.Wheels,"Wheels/2[com.henninghall.date_picker.State,com.henninghall.date_picker.ui.View]",ampmWheel,1
E:\OOD\projectsnew\react-native-date-picker-master\android\src\main\java\com\henninghall\date_picker\ui\Wheels.java,com.henninghall.date_picker.ui.Wheels,"Wheels/2[com.henninghall.date_picker.State,com.henninghall.date_picker.ui.View]",wheelPerWheelType,1
E:\OOD\projectsnew\react-native-date-picker-master\android\src\main\java\com\henninghall\date_picker\ui\Wheels.java,com.henninghall.date_picker.ui.Wheels,"Wheels/2[com.henninghall.date_picker.State,com.henninghall.date_picker.ui.View]",dayWheel,1
E:\OOD\projectsnew\react-native-date-picker-master\android\src\main\java\com\henninghall\date_picker\ui\Wheels.java,com.henninghall.date_picker.ui.Wheels,"Wheels/2[com.henninghall.date_picker.State,com.henninghall.date_picker.ui.View]",dateWheel,1
E:\OOD\projectsnew\react-native-date-picker-master\android\src\main\java\com\henninghall\date_picker\ui\Wheels.java,com.henninghall.date_picker.ui.Wheels,"Wheels/2[com.henninghall.date_picker.State,com.henninghall.date_picker.ui.View]",emptyEnd,1
E:\OOD\projectsnew\react-native-date-picker-master\android\src\main\java\com\henninghall\date_picker\ui\Wheels.java,com.henninghall.date_picker.ui.Wheels,"Wheels/2[com.henninghall.date_picker.State,com.henninghall.date_picker.ui.View]",state,10
E:\OOD\projectsnew\react-native-date-picker-master\android\src\main\java\com\henninghall\date_picker\ui\Wheels.java,com.henninghall.date_picker.ui.Wheels,"Wheels/2[com.henninghall.date_picker.State,com.henninghall.date_picker.ui.View]",hourWheel,1
E:\OOD\projectsnew\react-native-date-picker-master\android\src\main\java\com\henninghall\date_picker\ui\Wheels.java,com.henninghall.date_picker.ui.Wheels,getAll/0,yearWheel,1
E:\OOD\projectsnew\react-native-date-picker-master\android\src\main\java\com\henninghall\date_picker\ui\Wheels.java,com.henninghall.date_picker.ui.Wheels,getAll/0,ampmWheel,1
E:\OOD\projectsnew\react-native-date-picker-master\android\src\main\java\com\henninghall\date_picker\ui\Wheels.java,com.henninghall.date_picker.ui.Wheels,getAll/0,monthWheel,1
E:\OOD\projectsnew\react-native-date-picker-master\android\src\main\java\com\henninghall\date_picker\ui\Wheels.java,com.henninghall.date_picker.ui.Wheels,getAll/0,minutesWheel,1
E:\OOD\projectsnew\react-native-date-picker-master\android\src\main\java\com\henninghall\date_picker\ui\Wheels.java,com.henninghall.date_picker.ui.Wheels,getAll/0,dayWheel,1
E:\OOD\projectsnew\react-native-date-picker-master\android\src\main\java\com\henninghall\date_picker\ui\Wheels.java,com.henninghall.date_picker.ui.Wheels,getAll/0,dateWheel,1
E:\OOD\projectsnew\react-native-date-picker-master\android\src\main\java\com\henninghall\date_picker\ui\Wheels.java,com.henninghall.date_picker.ui.Wheels,getAll/0,hourWheel,1
E:\OOD\projectsnew\react-native-date-picker-master\android\src\main\java\com\henninghall\date_picker\ui\Wheels.java,com.henninghall.date_picker.ui.Wheels,updateHeight/0,emptyStart,1
E:\OOD\projectsnew\react-native-date-picker-master\android\src\main\java\com\henninghall\date_picker\ui\Wheels.java,com.henninghall.date_picker.ui.Wheels,updateHeight/0,emptyEnd,1
E:\OOD\projectsnew\react-native-date-picker-master\android\src\main\java\com\henninghall\date_picker\ui\Wheels.java,com.henninghall.date_picker.ui.Wheels,updateHeight/0,state,1
E:\OOD\projectsnew\react-native-date-picker-master\android\src\main\java\com\henninghall\date_picker\ui\Wheels.java,com.henninghall.date_picker.ui.Wheels,addInOrder/0,pickerWrapper,1
E:\OOD\projectsnew\react-native-date-picker-master\android\src\main\java\com\henninghall\date_picker\wheels\YearWheel.java,com.henninghall.date_picker.wheels.YearWheel,"YearWheel/2[com.henninghall.date_picker.pickers.Picker,com.henninghall.date_picker.State]",defaultStartYear,1
E:\OOD\projectsnew\react-native-date-picker-master\android\src\main\java\com\henninghall\date_picker\wheels\YearWheel.java,com.henninghall.date_picker.wheels.YearWheel,"YearWheel/2[com.henninghall.date_picker.pickers.Picker,com.henninghall.date_picker.State]",defaultEndYear,1
E:\OOD\projectsnew\react-native-date-picker-master\android\src\main\java\com\henninghall\date_picker\wheels\YearWheel.java,com.henninghall.date_picker.wheels.YearWheel,getEndYear/0,defaultEndYear,1
E:\OOD\projectsnew\react-native-date-picker-master\android\src\main\java\com\henninghall\date_picker\wheels\YearWheel.java,com.henninghall.date_picker.wheels.YearWheel,getStartYear/0,defaultStartYear,1
E:\OOD\projectsnew\react-native-date-picker-master\android\src\main\java\com\henninghall\date_picker\wheelFunctions\SetShowCount.java,com.henninghall.date_picker.wheelFunctions.SetShowCount,apply/1[com.henninghall.date_picker.wheels.Wheel],count,1
E:\OOD\projectsnew\react-native-date-picker-master\android\src\main\java\com\henninghall\date_picker\wheelFunctions\SetShowCount.java,com.henninghall.date_picker.wheelFunctions.SetShowCount,SetShowCount/1[int],count,3
E:\OOD\projectsnew\react-native-date-picker-master\android\src\main\java\com\henninghall\date_picker\PickerView.java,com.henninghall.date_picker.PickerView,"updateProp/2[java.lang.String,com.henninghall.date_picker.Dynamic]",updatedProps,1
E:\OOD\projectsnew\react-native-date-picker-master\android\src\main\java\com\henninghall\date_picker\PickerView.java,com.henninghall.date_picker.PickerView,"updateProp/2[java.lang.String,com.henninghall.date_picker.Dynamic]",state,1
E:\OOD\projectsnew\react-native-date-picker-master\android\src\main\java\com\henninghall\date_picker\PickerView.java,com.henninghall.date_picker.PickerView,"scroll/2[int,int]",uiManager,1
E:\OOD\projectsnew\react-native-date-picker-master\android\src\main\java\com\henninghall\date_picker\PickerView.java,com.henninghall.date_picker.PickerView,requestLayout/0,measureAndLayout,1
E:\OOD\projectsnew\react-native-date-picker-master\android\src\main\java\com\henninghall\date_picker\PickerView.java,com.henninghall.date_picker.PickerView,didUpdate/1[java.lang.String[]],updatedProps,1
E:\OOD\projectsnew\react-native-date-picker-master\android\src\main\java\com\henninghall\date_picker\PickerView.java,com.henninghall.date_picker.PickerView,PickerView/1[ViewGroup.LayoutParams],layoutParams,3
E:\OOD\projectsnew\react-native-date-picker-master\android\src\main\java\com\henninghall\date_picker\PickerView.java,com.henninghall.date_picker.PickerView,update/0,layoutParams,1
E:\OOD\projectsnew\react-native-date-picker-master\android\src\main\java\com\henninghall\date_picker\PickerView.java,com.henninghall.date_picker.PickerView,update/0,updatedProps,1
E:\OOD\projectsnew\react-native-date-picker-master\android\src\main\java\com\henninghall\date_picker\PickerView.java,com.henninghall.date_picker.PickerView,update/0,uiManager,10
E:\OOD\projectsnew\react-native-date-picker-master\android\src\main\java\com\henninghall\date_picker\PickerView.java,com.henninghall.date_picker.PickerView,update/0,state,2
E:\OOD\projectsnew\react-native-date-picker-master\android\src\main\java\com\henninghall\date_picker\DatePickerPackage.java,com.henninghall.date_picker.DatePickerPackage,createNativeModules/1[com.henninghall.date_picker.ReactApplicationContext],context,1
E:\OOD\projectsnew\react-native-date-picker-master\android\src\main\java\com\henninghall\date_picker\DatePickerPackage.java,com.henninghall.date_picker.DatePickerPackage,createViewManagers/1[com.henninghall.date_picker.ReactApplicationContext],context,1
E:\OOD\projectsnew\react-native-date-picker-master\android\src\main\java\com\henninghall\date_picker\ui\FadingOverlay.java,com.henninghall.date_picker.ui.FadingOverlay,"FadingOverlay/2[com.henninghall.date_picker.State,com.henninghall.date_picker.ui.View]",gradientTop,1
E:\OOD\projectsnew\react-native-date-picker-master\android\src\main\java\com\henninghall\date_picker\ui\FadingOverlay.java,com.henninghall.date_picker.ui.FadingOverlay,"FadingOverlay/2[com.henninghall.date_picker.State,com.henninghall.date_picker.ui.View]",state,3
E:\OOD\projectsnew\react-native-date-picker-master\android\src\main\java\com\henninghall\date_picker\ui\FadingOverlay.java,com.henninghall.date_picker.ui.FadingOverlay,"FadingOverlay/2[com.henninghall.date_picker.State,com.henninghall.date_picker.ui.View]",gradientBottom,1
E:\OOD\projectsnew\react-native-date-picker-master\android\src\main\java\com\henninghall\date_picker\ui\FadingOverlay.java,com.henninghall.date_picker.ui.FadingOverlay,updateColor/0,gradientTop,2
E:\OOD\projectsnew\react-native-date-picker-master\android\src\main\java\com\henninghall\date_picker\ui\FadingOverlay.java,com.henninghall.date_picker.ui.FadingOverlay,updateColor/0,state,1
E:\OOD\projectsnew\react-native-date-picker-master\android\src\main\java\com\henninghall\date_picker\ui\FadingOverlay.java,com.henninghall.date_picker.ui.FadingOverlay,updateColor/0,gradientBottom,2
E:\OOD\projectsnew\react-native-date-picker-master\examples\detox\android\app\src\main\java\com\example\MainApplication.java,com.example.MainApplication,getReactNativeHost/0,mReactNativeHost,1
E:\OOD\projectsnew\react-native-date-picker-master\android\src\main\java\com\henninghall\date_picker\ui\WheelChangeListenerImpl.java,com.henninghall.date_picker.ui.WheelChangeListenerImpl,dateExists/0,wheels,1
E:\OOD\projectsnew\react-native-date-picker-master\android\src\main\java\com\henninghall\date_picker\ui\WheelChangeListenerImpl.java,com.henninghall.date_picker.ui.WheelChangeListenerImpl,onChange/1[com.henninghall.date_picker.wheels.Wheel],wheels,1
E:\OOD\projectsnew\react-native-date-picker-master\android\src\main\java\com\henninghall\date_picker\ui\WheelChangeListenerImpl.java,com.henninghall.date_picker.ui.WheelChangeListenerImpl,onChange/1[com.henninghall.date_picker.wheels.Wheel],rootView,1
E:\OOD\projectsnew\react-native-date-picker-master\android\src\main\java\com\henninghall\date_picker\ui\WheelChangeListenerImpl.java,com.henninghall.date_picker.ui.WheelChangeListenerImpl,onChange/1[com.henninghall.date_picker.wheels.Wheel],uiManager,5
E:\OOD\projectsnew\react-native-date-picker-master\android\src\main\java\com\henninghall\date_picker\ui\WheelChangeListenerImpl.java,com.henninghall.date_picker.ui.WheelChangeListenerImpl,onChange/1[com.henninghall.date_picker.wheels.Wheel],state,2
E:\OOD\projectsnew\react-native-date-picker-master\android\src\main\java\com\henninghall\date_picker\ui\WheelChangeListenerImpl.java,com.henninghall.date_picker.ui.WheelChangeListenerImpl,getDateFormat/0,uiManager,1
E:\OOD\projectsnew\react-native-date-picker-master\android\src\main\java\com\henninghall\date_picker\ui\WheelChangeListenerImpl.java,com.henninghall.date_picker.ui.WheelChangeListenerImpl,getDateFormat/0,state,1
E:\OOD\projectsnew\react-native-date-picker-master\android\src\main\java\com\henninghall\date_picker\ui\WheelChangeListenerImpl.java,com.henninghall.date_picker.ui.WheelChangeListenerImpl,"WheelChangeListenerImpl/4[com.henninghall.date_picker.ui.Wheels,com.henninghall.date_picker.State,com.henninghall.date_picker.ui.UIManager,com.henninghall.date_picker.ui.View]",wheels,3
E:\OOD\projectsnew\react-native-date-picker-master\android\src\main\java\com\henninghall\date_picker\ui\WheelChangeListenerImpl.java,com.henninghall.date_picker.ui.WheelChangeListenerImpl,"WheelChangeListenerImpl/4[com.henninghall.date_picker.ui.Wheels,com.henninghall.date_picker.State,com.henninghall.date_picker.ui.UIManager,com.henninghall.date_picker.ui.View]",rootView,3
E:\OOD\projectsnew\react-native-date-picker-master\android\src\main\java\com\henninghall\date_picker\ui\WheelChangeListenerImpl.java,com.henninghall.date_picker.ui.WheelChangeListenerImpl,"WheelChangeListenerImpl/4[com.henninghall.date_picker.ui.Wheels,com.henninghall.date_picker.State,com.henninghall.date_picker.ui.UIManager,com.henninghall.date_picker.ui.View]",uiManager,3
E:\OOD\projectsnew\react-native-date-picker-master\android\src\main\java\com\henninghall\date_picker\ui\WheelChangeListenerImpl.java,com.henninghall.date_picker.ui.WheelChangeListenerImpl,"WheelChangeListenerImpl/4[com.henninghall.date_picker.ui.Wheels,com.henninghall.date_picker.State,com.henninghall.date_picker.ui.UIManager,com.henninghall.date_picker.ui.View]",state,3
E:\OOD\projectsnew\react-native-date-picker-master\android\src\main\java\com\henninghall\date_picker\ui\WheelChangeListenerImpl.java,com.henninghall.date_picker.ui.WheelChangeListenerImpl,getClosestExistingDateInPast/0,wheels,1
E:\OOD\projectsnew\react-native-date-picker-master\android\src\main\java\com\henninghall\date_picker\ui\WheelChangeListenerImpl.java,com.henninghall.date_picker.ui.WheelChangeListenerImpl,getClosestExistingDateInPast/0,state,1
E:\OOD\projectsnew\react-native-date-picker-master\android\src\main\java\com\henninghall\date_picker\ui\WheelChangeListenerImpl.java,com.henninghall.date_picker.ui.WheelChangeListenerImpl,getSelectedDate/0,wheels,1
E:\OOD\projectsnew\react-native-date-picker-master\android\src\main\java\com\henninghall\date_picker\ui\WheelChangeListenerImpl.java,com.henninghall.date_picker.ui.WheelChangeListenerImpl,getSelectedDate/0,state,1
E:\OOD\projectsnew\react-native-date-picker-master\android\src\main\java\com\henninghall\date_picker\wheelFunctions\SetDate.java,com.henninghall.date_picker.wheelFunctions.SetDate,SetDate/1[java.util.Calendar],date,3
E:\OOD\projectsnew\react-native-date-picker-master\android\src\main\java\com\henninghall\date_picker\wheelFunctions\SetDate.java,com.henninghall.date_picker.wheelFunctions.SetDate,apply/1[com.henninghall.date_picker.wheels.Wheel],date,1
E:\OOD\projectsnew\react-native-date-picker-master\android\src\main\java\com\henninghall\date_picker\wheels\Wheel.java,com.henninghall.date_picker.wheels.Wheel,getDisplayValues/1[java.util.ArrayList<java.lang.String>],values,2
E:\OOD\projectsnew\react-native-date-picker-master\android\src\main\java\com\henninghall\date_picker\wheels\Wheel.java,com.henninghall.date_picker.wheels.Wheel,getIndexOfDate/1[java.util.Calendar],values,1
E:\OOD\projectsnew\react-native-date-picker-master\android\src\main\java\com\henninghall\date_picker\wheels\Wheel.java,com.henninghall.date_picker.wheels.Wheel,getIndexOfDate/1[java.util.Calendar],format,3
E:\OOD\projectsnew\react-native-date-picker-master\android\src\main\java\com\henninghall\date_picker\wheels\Wheel.java,com.henninghall.date_picker.wheels.Wheel,getIndexOfDate/1[java.util.Calendar],state,1
E:\OOD\projectsnew\react-native-date-picker-master\android\src\main\java\com\henninghall\date_picker\wheels\Wheel.java,com.henninghall.date_picker.wheels.Wheel,updateVisibility/0,picker,1
E:\OOD\projectsnew\react-native-date-picker-master\android\src\main\java\com\henninghall\date_picker\wheels\Wheel.java,com.henninghall.date_picker.wheels.Wheel,getValueAtIndex/1[int],values,1
E:\OOD\projectsnew\react-native-date-picker-master\android\src\main\java\com\henninghall\date_picker\wheels\Wheel.java,com.henninghall.date_picker.wheels.Wheel,refresh/0,format,1
E:\OOD\projectsnew\react-native-date-picker-master\android\src\main\java\com\henninghall\date_picker\wheels\Wheel.java,com.henninghall.date_picker.wheels.Wheel,refresh/0,state,1
E:\OOD\projectsnew\react-native-date-picker-master\android\src\main\java\com\henninghall\date_picker\wheels\Wheel.java,com.henninghall.date_picker.wheels.Wheel,getIndex/0,picker,1
E:\OOD\projectsnew\react-native-date-picker-master\android\src\main\java\com\henninghall\date_picker\wheels\Wheel.java,com.henninghall.date_picker.wheels.Wheel,setValue/1[java.util.Calendar],format,1
E:\OOD\projectsnew\react-native-date-picker-master\android\src\main\java\com\henninghall\date_picker\wheels\Wheel.java,com.henninghall.date_picker.wheels.Wheel,setValue/1[java.util.Calendar],userSetValue,1
E:\OOD\projectsnew\react-native-date-picker-master\android\src\main\java\com\henninghall\date_picker\wheels\Wheel.java,com.henninghall.date_picker.wheels.Wheel,setValue/1[java.util.Calendar],state,1
E:\OOD\projectsnew\react-native-date-picker-master\android\src\main\java\com\henninghall\date_picker\wheels\Wheel.java,com.henninghall.date_picker.wheels.Wheel,setValue/1[java.util.Calendar],picker,3
E:\OOD\projectsnew\react-native-date-picker-master\android\src\main\java\com\henninghall\date_picker\wheels\Wheel.java,com.henninghall.date_picker.wheels.Wheel,"Wheel/2[com.henninghall.date_picker.pickers.Picker,com.henninghall.date_picker.State]",format,1
E:\OOD\projectsnew\react-native-date-picker-master\android\src\main\java\com\henninghall\date_picker\wheels\Wheel.java,com.henninghall.date_picker.wheels.Wheel,"Wheel/2[com.henninghall.date_picker.pickers.Picker,com.henninghall.date_picker.State]",picker,5
E:\OOD\projectsnew\react-native-date-picker-master\android\src\main\java\com\henninghall\date_picker\wheels\Wheel.java,com.henninghall.date_picker.wheels.Wheel,"Wheel/2[com.henninghall.date_picker.pickers.Picker,com.henninghall.date_picker.State]",state,4
E:\OOD\projectsnew\react-native-date-picker-master\android\src\main\java\com\henninghall\date_picker\wheels\Wheel.java,com.henninghall.date_picker.wheels.Wheel,getHorizontalPadding/0,state,1
E:\OOD\projectsnew\react-native-date-picker-master\android\src\main\java\com\henninghall\date_picker\wheels\Wheel.java,com.henninghall.date_picker.wheels.Wheel,getLocaleString/1[java.util.Calendar],state,1
E:\OOD\projectsnew\react-native-date-picker-master\android\src\main\java\com\henninghall\date_picker\wheels\Wheel.java,com.henninghall.date_picker.wheels.Wheel,"getString/2[java.util.Calendar,java.util.Locale]",format,1
E:\OOD\projectsnew\react-native-date-picker-master\android\src\main\java\com\henninghall\date_picker\wheels\Wheel.java,com.henninghall.date_picker.wheels.Wheel,getValue/0,format,2
E:\OOD\projectsnew\react-native-date-picker-master\android\src\main\java\com\henninghall\date_picker\wheels\Wheel.java,com.henninghall.date_picker.wheels.Wheel,getValue/0,userSetValue,1
E:\OOD\projectsnew\react-native-date-picker-master\android\src\main\java\com\henninghall\date_picker\wheels\Wheel.java,com.henninghall.date_picker.wheels.Wheel,init/0,values,3
E:\OOD\projectsnew\react-native-date-picker-master\android\src\main\java\com\henninghall\date_picker\wheels\Wheel.java,com.henninghall.date_picker.wheels.Wheel,init/0,picker,4
E:\OOD\projectsnew\react-native-date-picker-master\android\src\main\java\com\henninghall\date_picker\wheels\Wheel.java,com.henninghall.date_picker.wheels.Wheel,animateToDate/1[java.util.Calendar],picker,1
E:\OOD\projectsnew\react-native-date-picker-master\android\src\main\java\com\henninghall\date_picker\wheels\Wheel.java,com.henninghall.date_picker.wheels.Wheel,setHorizontalPadding/0,picker,1
E:\OOD\projectsnew\react-native-date-picker-master\android\src\main\java\com\henninghall\date_picker\wheels\Wheel.java,com.henninghall.date_picker.wheels.Wheel,getPastValue/1[int],values,1
E:\OOD\projectsnew\react-native-date-picker-master\android\src\main\java\com\henninghall\date_picker\wheels\Wheel.java,com.henninghall.date_picker.wheels.Wheel,getPastValue/1[int],format,2
E:\OOD\projectsnew\react-native-date-picker-master\android\src\main\java\com\henninghall\date_picker\wheels\Wheel.java,com.henninghall.date_picker.wheels.Wheel,getPastValue/1[int],userSetValue,1
E:\OOD\projectsnew\react-native-date-picker-master\examples\Rn069\android\app\src\main\java\com\rn069\newarchitecture\components\MainComponentsRegistry.java,com.rn069.newarchitecture.components.MainComponentsRegistry,MainComponentsRegistry/1[com.rn069.newarchitecture.components.ComponentFactory],mHybridData,1
E:\OOD\projectsnew\react-native-date-picker-master\android\src\main\java\com\henninghall\date_picker\DatePickerModule.java,com.henninghall.date_picker.DatePickerModule,closePicker/0,dialog,1
E:\OOD\projectsnew\react-native-date-picker-master\android\src\main\java\com\henninghall\date_picker\DatePickerModule.java,com.henninghall.date_picker.DatePickerModule,"openPicker/3[com.henninghall.date_picker.ReadableMap,com.henninghall.date_picker.Callback,com.henninghall.date_picker.Callback]",dialog,2
E:\OOD\projectsnew\react-native-date-picker-master\android\src\main\java\com\henninghall\date_picker\DatePickerManager.java,com.henninghall.date_picker.DatePickerManager,getName/0,REACT_CLASS,1
E:\OOD\projectsnew\react-native-date-picker-master\android\src\main\java\com\henninghall\date_picker\DatePickerManager.java,com.henninghall.date_picker.DatePickerManager,getCommandsMap/0,SCROLL,1
E:\OOD\projectsnew\react-native-date-picker-master\android\src\main\java\com\henninghall\date_picker\DatePickerManager.java,com.henninghall.date_picker.DatePickerManager,"receiveCommand/3[com.henninghall.date_picker.PickerView,int,com.henninghall.date_picker.ReadableArray]",SCROLL,1
E:\OOD\projectsnew\react-native-date-picker-master\android\src\main\java\com\henninghall\date_picker\wheelFunctions\AnimateToDate.java,com.henninghall.date_picker.wheelFunctions.AnimateToDate,apply/1[com.henninghall.date_picker.wheels.Wheel],date,1
E:\OOD\projectsnew\react-native-date-picker-master\android\src\main\java\com\henninghall\date_picker\wheelFunctions\AnimateToDate.java,com.henninghall.date_picker.wheelFunctions.AnimateToDate,AnimateToDate/1[java.util.Calendar],date,3
E:\OOD\projectsnew\react-native-date-picker-master\android\src\main\java\com\henninghall\date_picker\wheelFunctions\SetDividerHeight.java,com.henninghall.date_picker.wheelFunctions.SetDividerHeight,SetDividerHeight/1[int],height,3
E:\OOD\projectsnew\react-native-date-picker-master\android\src\main\java\com\henninghall\date_picker\wheelFunctions\SetDividerHeight.java,com.henninghall.date_picker.wheelFunctions.SetDividerHeight,apply/1[com.henninghall.date_picker.wheels.Wheel],height,1
E:\OOD\projectsnew\react-native-date-picker-master\android\src\main\java\com\henninghall\date_picker\ui\UIManager.java,com.henninghall.date_picker.ui.UIManager,updateHeight/0,wheels,1
E:\OOD\projectsnew\react-native-date-picker-master\android\src\main\java\com\henninghall\date_picker\ui\UIManager.java,com.henninghall.date_picker.ui.UIManager,animateToDate/1[java.util.Calendar],wheels,2
E:\OOD\projectsnew\react-native-date-picker-master\android\src\main\java\com\henninghall\date_picker\ui\UIManager.java,com.henninghall.date_picker.ui.UIManager,updateTextColor/0,wheels,1
E:\OOD\projectsnew\react-native-date-picker-master\android\src\main\java\com\henninghall\date_picker\ui\UIManager.java,com.henninghall.date_picker.ui.UIManager,updateTextColor/0,state,1
E:\OOD\projectsnew\react-native-date-picker-master\android\src\main\java\com\henninghall\date_picker\ui\UIManager.java,com.henninghall.date_picker.ui.UIManager,"UIManager/2[com.henninghall.date_picker.State,com.henninghall.date_picker.ui.View]",wheels,1
E:\OOD\projectsnew\react-native-date-picker-master\android\src\main\java\com\henninghall\date_picker\ui\UIManager.java,com.henninghall.date_picker.ui.UIManager,"UIManager/2[com.henninghall.date_picker.State,com.henninghall.date_picker.ui.View]",rootView,4
E:\OOD\projectsnew\react-native-date-picker-master\android\src\main\java\com\henninghall\date_picker\ui\UIManager.java,com.henninghall.date_picker.ui.UIManager,"UIManager/2[com.henninghall.date_picker.State,com.henninghall.date_picker.ui.View]",state,4
E:\OOD\projectsnew\react-native-date-picker-master\android\src\main\java\com\henninghall\date_picker\ui\UIManager.java,com.henninghall.date_picker.ui.UIManager,"scroll/2[int,int]",wheels,1
E:\OOD\projectsnew\react-native-date-picker-master\android\src\main\java\com\henninghall\date_picker\ui\UIManager.java,com.henninghall.date_picker.ui.UIManager,"scroll/2[int,int]",wheelScroller,1
E:\OOD\projectsnew\react-native-date-picker-master\android\src\main\java\com\henninghall\date_picker\ui\UIManager.java,com.henninghall.date_picker.ui.UIManager,getDateFormat/0,wheels,1
E:\OOD\projectsnew\react-native-date-picker-master\android\src\main\java\com\henninghall\date_picker\ui\UIManager.java,com.henninghall.date_picker.ui.UIManager,getDateFormat/0,state,1
E:\OOD\projectsnew\react-native-date-picker-master\android\src\main\java\com\henninghall\date_picker\ui\UIManager.java,com.henninghall.date_picker.ui.UIManager,setWheelsToDate/0,wheels,1
E:\OOD\projectsnew\react-native-date-picker-master\android\src\main\java\com\henninghall\date_picker\ui\UIManager.java,com.henninghall.date_picker.ui.UIManager,setWheelsToDate/0,state,1
E:\OOD\projectsnew\react-native-date-picker-master\android\src\main\java\com\henninghall\date_picker\ui\UIManager.java,com.henninghall.date_picker.ui.UIManager,updateDividerHeight/0,wheels,1
E:\OOD\projectsnew\react-native-date-picker-master\android\src\main\java\com\henninghall\date_picker\ui\UIManager.java,com.henninghall.date_picker.ui.UIManager,updateLastSelectedDate/1[java.util.Calendar],state,1
E:\OOD\projectsnew\react-native-date-picker-master\android\src\main\java\com\henninghall\date_picker\ui\UIManager.java,com.henninghall.date_picker.ui.UIManager,updateWheelPadding/0,wheels,1
E:\OOD\projectsnew\react-native-date-picker-master\android\src\main\java\com\henninghall\date_picker\ui\UIManager.java,com.henninghall.date_picker.ui.UIManager,updateFadeToColor/0,fadingOverlay,2
E:\OOD\projectsnew\react-native-date-picker-master\android\src\main\java\com\henninghall\date_picker\ui\UIManager.java,com.henninghall.date_picker.ui.UIManager,updateFadeToColor/0,rootView,1
E:\OOD\projectsnew\react-native-date-picker-master\android\src\main\java\com\henninghall\date_picker\ui\UIManager.java,com.henninghall.date_picker.ui.UIManager,updateFadeToColor/0,state,1
E:\OOD\projectsnew\react-native-date-picker-master\android\src\main\java\com\henninghall\date_picker\ui\UIManager.java,com.henninghall.date_picker.ui.UIManager,updateDisplayValues/0,wheels,1
E:\OOD\projectsnew\react-native-date-picker-master\android\src\main\java\com\henninghall\date_picker\ui\UIManager.java,com.henninghall.date_picker.ui.UIManager,addOnChangeListener/0,wheels,2
E:\OOD\projectsnew\react-native-date-picker-master\android\src\main\java\com\henninghall\date_picker\ui\UIManager.java,com.henninghall.date_picker.ui.UIManager,addOnChangeListener/0,rootView,1
E:\OOD\projectsnew\react-native-date-picker-master\android\src\main\java\com\henninghall\date_picker\ui\UIManager.java,com.henninghall.date_picker.ui.UIManager,addOnChangeListener/0,state,1
E:\OOD\projectsnew\react-native-date-picker-master\android\src\main\java\com\henninghall\date_picker\ui\UIManager.java,com.henninghall.date_picker.ui.UIManager,updateWheelOrder/0,wheels,1
E:\OOD\projectsnew\react-native-date-picker-master\android\src\main\java\com\henninghall\date_picker\ui\UIManager.java,com.henninghall.date_picker.ui.UIManager,updateWheelVisibility/0,wheels,1
E:\OOD\projectsnew\react-native-date-picker-master\android\src\main\java\com\henninghall\date_picker\ui\UIManager.java,com.henninghall.date_picker.ui.UIManager,getDisplayValueString/0,wheels,1
E:\OOD\projectsnew\react-native-date-picker-master\android\src\main\java\com\henninghall\date_picker\props\LocaleProp.java,com.henninghall.date_picker.props.LocaleProp,getLanguageTag/0,languageTag,1
E:\OOD\projectsnew\react-native-date-picker-master\android\src\main\java\com\henninghall\date_picker\props\LocaleProp.java,com.henninghall.date_picker.props.LocaleProp,toValue/1[com.henninghall.date_picker.props.Dynamic],languageTag,2
E:\OOD\projectsnew\react-native-date-picker-master\android\src\main\java\com\henninghall\date_picker\props\Prop.java,com.henninghall.date_picker.props.Prop,getValue/0,value,1
E:\OOD\projectsnew\react-native-date-picker-master\android\src\main\java\com\henninghall\date_picker\props\Prop.java,com.henninghall.date_picker.props.Prop,toValue/1[com.henninghall.date_picker.props.Dynamic],value,1
E:\OOD\projectsnew\react-native-date-picker-master\android\src\main\java\com\henninghall\date_picker\props\Prop.java,com.henninghall.date_picker.props.Prop,setValue/1[com.henninghall.date_picker.props.Dynamic],value,3
E:\OOD\projectsnew\react-native-date-picker-master\android\src\main\java\com\henninghall\date_picker\props\Prop.java,com.henninghall.date_picker.props.Prop,Prop/1[T],value,1
E:\OOD\projectsnew\react-native-date-picker-master\android\src\main\java\com\henninghall\date_picker\props\Prop.java,com.henninghall.date_picker.props.Prop,setValue/1[T],value,3
